engines,passenger_capacity,crew,d_check_complete,moon_clearance_complete,iata_approved,company_rating,review_scores_rating,prediction,price
1.0,3,3.0,True,False,True,1.0,87.0,1743.280405782669,1510.1954477837266
1.0,2,1.0,True,False,False,1.0,100.0,1896.3000091377646,2806.0253847706067
1.0,1,1.0,True,False,False,0.8828186250962397,100.0,1422.1574620966335,1202.4264581190068
0.0,4,3.0,True,False,False,0.9579719680535467,93.0,1901.5722189419287,1612.2915729143149
1.0,4,1.0,False,False,False,1.0,95.0,2486.4916485168346,2476.8330440936293
1.0,2,1.0,True,False,True,0.9889437449828556,86.0,1702.9901413808157,2169.8979906655263
1.0,1,1.0,False,False,True,0.9854341202674064,100.0,1470.2223195325569,1136.466069137627
1.0,2,2.0,True,False,False,0.9386584455228527,91.0,1700.3537476950978,1274.6850818900903
1.0,2,1.0,False,False,True,0.9838005786833571,95.0,1610.9814027871864,2149.4722140067615
1.0,1,1.0,False,False,False,0.9964872796288935,93.0,1303.4306176591565,1367.1871571975732
2.0,3,1.0,False,False,True,0.9394063254876859,80.0,2399.1845642330577,2792.6764775444126
1.0,3,2.0,True,False,True,1.0,100.0,1767.7085507921645,1651.1129386511577
1.0,2,1.0,False,False,True,0.9813119694171752,100.0,1954.8588643423677,1173.5802468942109
1.0,2,1.0,True,False,True,1.0,60.0,1848.4004457294418,3757.751436559978
1.0,2,1.0,True,False,False,0.9910962294173993,100.0,1897.2857217305539,1333.1661617991417
0.0,2,1.0,True,False,False,0.9062761121259245,100.0,2037.3923648418727,2414.263048139582
2.0,4,2.0,False,False,False,0.9909319227397314,95.0,2641.131441635503,3216.8191084305736
1.0,2,1.0,False,False,False,1.0,100.0,1764.5249672301964,1644.6184231315326
0.0,2,1.0,False,False,True,0.7909902998157375,80.0,2166.550533791046,1939.310015531558
1.0,6,3.0,False,False,False,0.9753802029411008,93.0,2524.9335183583726,2071.3348778099253
3.0,7,4.0,True,False,True,0.992111507502587,95.0,4199.53230379019,8276.060212679538
1.0,4,1.0,False,False,False,0.6673869988943111,89.0,2065.6606829231705,1886.4887233246811
1.0,2,1.0,False,False,True,1.0,98.0,1755.3743594978394,3189.9733599679566
1.0,2,1.0,False,False,True,0.9874158516943508,95.0,1661.8401091454534,1258.186087681479
1.0,2,1.0,False,False,True,0.8876135387288593,100.0,1591.1699453699757,1524.8118270161553
1.0,2,0.0,False,False,False,0.9896057790370898,100.0,1674.525952032437,1422.2495776219669
1.0,4,2.0,True,False,False,0.9862477488203779,97.0,2199.0492314677836,3371.771962593972
1.0,2,1.0,True,False,True,0.8782101655860831,88.0,1732.4645549614115,2027.7677207472934
1.0,3,2.0,True,False,True,0.9984134881653098,91.0,1598.1808691510391,1197.5276517956793
4.0,9,4.0,False,False,True,1.0,92.0,4728.1686935087755,4814.157845127773
1.0,2,1.0,False,False,True,0.992501517896174,98.0,1761.0300969220123,2421.3250186215278
3.0,5,3.0,True,False,False,0.9907300561332544,100.0,3085.752016243974,3455.0068707554046
1.0,1,1.0,False,False,True,1.0,100.0,1438.7064855464273,1183.735214436222
2.0,4,2.0,False,False,True,0.7610400414683022,100.0,2570.600648524233,2581.908512248936
0.0,2,1.0,True,False,True,0.9864003080988083,89.0,1796.866979032567,1529.98269562629
0.0,2,1.0,False,False,True,0.8122779998785169,84.0,1982.9031099278716,1773.6980429077516
1.0,2,1.0,True,False,True,1.0,84.0,1834.6786324617103,2999.156438128525
1.0,2,2.0,False,False,True,0.9976750239576534,91.0,1677.8476440001548,1887.994319253169
1.0,2,1.0,True,False,False,1.0,100.0,1896.3000091377646,1390.1229049040828
1.0,4,3.0,True,False,False,0.987318563483685,84.0,1692.151802875619,1396.7845747441545
1.0,2,1.0,False,False,True,1.0,93.0,1731.63260678378,1845.1187887450512
1.0,2,2.0,True,False,False,0.9898437174528175,100.0,1579.8202718361367,1442.422875118598
1.0,2,1.0,False,False,False,0.8434839040328171,100.0,1866.915787123361,1461.5061983828036
1.0,3,2.0,True,False,True,0.9855280060693001,86.0,1963.8445557693058,1921.6880589152304
2.0,5,2.0,False,False,False,1.0,85.0,3295.9090980408896,3067.0330684913747
1.0,3,2.0,True,False,False,1.0,89.0,1634.0226739943014,1446.733386320932
1.0,2,2.0,False,False,False,0.9860910586874123,80.0,1766.1150576555046,1258.1501159065708
1.0,4,1.0,False,False,False,0.24517658424787264,40.0,2155.936159695444,2186.887780038571
3.0,8,3.0,False,False,False,0.9985713341465802,91.0,3678.1346387689405,4082.9977927668365
1.0,1,1.0,False,False,True,0.9831088754602916,95.0,1400.2475325122505,1845.9384407376258
1.0,2,1.0,False,False,True,0.9371317236524862,89.0,1535.6482805618489,1186.5271911030334
1.0,2,1.0,False,False,True,0.9977126497374125,97.0,1876.4311377970464,2042.5409968794363
0.0,3,2.0,False,False,True,0.9860940513906794,98.0,2106.690314502898,1779.8475255587866
2.0,5,0.0,False,False,True,0.7655282640625893,93.0,3047.762647140254,3198.0106975393824
2.0,5,2.0,True,False,False,1.0,96.0,3028.1468977556087,2507.6579402816883
2.0,4,2.0,True,False,False,0.9961918696785428,80.0,2642.884284026018,2157.8508754576555
1.0,2,1.0,False,False,True,1.0,93.0,1731.63260678378,1257.1909849297524
2.0,3,2.0,False,False,True,1.0,100.0,2279.3178257036543,2644.200679948107
3.0,6,3.0,False,False,True,1.0,96.0,3930.7422767076478,5052.576887431093
0.0,2,1.0,True,False,True,0.9946656825338251,92.0,1944.3995397838771,1711.7007174799892
1.0,4,2.0,False,False,True,0.7750215288043273,99.0,2176.2436179660635,2157.6199114045226
2.0,4,2.0,True,False,True,1.0,94.0,2516.6582773854902,2163.749028162119
0.0,2,1.0,True,False,False,1.0,92.0,2065.7360183116966,2031.1914492884791
0.0,3,2.0,False,False,False,0.9996460992182618,94.0,2026.6990469196073,1923.458177229186
2.0,4,3.0,False,False,False,0.9801018448120086,96.0,2507.6069083466577,1788.6626517229372
1.0,2,1.0,True,False,False,0.9932512150356988,100.0,1897.2857217305539,2223.9175239422025
0.0,3,2.0,False,False,True,0.9981626672523319,97.0,2144.556836999478,2492.7129567613715
1.0,2,1.0,True,False,False,0.9890201143258021,98.0,1575.1396045415584,1451.678509902931
1.0,1,1.0,False,False,False,0.9743604603202011,100.0,1417.0606809663236,1180.270969112501
2.0,5,2.0,False,False,True,0.9990214922978488,100.0,2699.7772244119774,2554.423922900389
3.0,6,3.0,False,False,True,0.9921512375364238,98.0,3923.7893006791455,4085.3905565824525
1.0,4,1.0,False,False,True,1.0,82.0,2427.6966840095915,2023.2648907049409
1.0,2,1.0,True,False,False,1.0,92.0,1766.3680845635172,1522.7589131291331
2.0,3,2.0,False,False,False,0.784695788968984,90.0,1932.4068072546293,2369.6998959972198
3.0,4,3.0,False,False,True,0.9988091385650394,98.0,2353.3599013034036,1517.5302733106726
1.0,2,1.0,False,False,False,1.0,97.0,1616.4821359318435,2556.510397046376
1.0,2,1.0,False,False,False,0.9834770071163785,100.0,1732.4757025656768,2408.3211235260665
2.0,7,3.0,False,False,True,0.9695983369477871,92.0,3512.426712716418,3458.1440257283134
2.0,6,2.0,True,False,False,1.0,93.0,3448.5304702629364,4315.409016725324
1.0,2,1.0,False,False,False,0.9420946196973019,90.0,1910.0527077692277,2929.32340979486
2.0,5,4.0,False,False,True,0.9960149308211749,98.0,3209.526411484563,3958.386383011652
1.0,4,2.0,False,False,False,0.8548617124146587,82.0,2156.8365581502694,2024.641757616459
0.0,2,0.0,False,False,True,0.9750586190984059,80.0,1988.2078758449957,1701.3152688546502
1.0,2,1.0,False,False,False,1.0,99.0,1742.605346541439,2305.046576994691
0.0,4,2.0,True,False,False,1.0,94.0,1983.424686024502,1833.8002098736677
1.0,2,1.0,True,False,False,0.989374924244897,100.0,1897.526150979509,1318.4128990329677
1.0,3,1.0,True,False,False,0.9988430351708433,79.0,2154.0961944196983,1561.7371082121213
1.0,6,3.0,False,False,False,1.0,100.0,2837.530354411478,2845.821911170896
1.0,2,1.0,False,False,True,0.739956590114287,93.0,1696.1717996920925,1661.7023762840108
1.0,6,6.0,False,False,False,0.9738496812787212,85.0,2078.1103759487232,2416.902049095284
0.0,3,2.0,True,False,True,1.0,76.0,2065.3159029495587,1903.4130324278253
1.0,2,1.0,False,False,True,0.9910274507250189,94.0,1683.27464320384,1498.2561702670725
1.0,2,1.0,True,False,True,0.9943336807538056,100.0,1845.5455619217807,1272.7931619278727
5.0,10,5.0,False,False,True,1.0,100.0,7526.754208610767,10517.965277097532
1.0,3,1.0,True,False,False,1.0,73.0,2666.7873354045328,2881.8433784310323
1.0,2,1.0,True,False,False,0.8432184753880244,77.0,2591.913888945354,1910.8846413230337
1.0,2,1.0,False,False,True,0.8784215797895992,94.0,1586.1906805132596,1217.6311165077545
1.0,3,1.0,False,False,False,0.9946391820487914,94.0,2024.2482129009622,3446.708852292392
3.0,6,3.0,True,False,False,1.0,97.0,3415.6961376737345,2640.9657354182095
2.0,5,3.0,False,False,True,0.9027835816644536,97.0,2805.544397105398,2051.912009390242
2.0,6,0.0,False,False,False,0.991605184087272,96.0,3469.4859411536668,2928.0036901637964
1.0,2,1.0,True,False,True,1.0,100.0,1836.2580245944484,2944.0149942245034
1.0,2,-1.0,True,False,False,0.9535746136568329,87.0,1956.8529750466266,2413.9694183596234
1.0,2,1.0,True,False,False,1.0,100.0,1896.3000091377646,1900.6303231174784
2.0,4,2.0,True,False,False,1.0,98.0,2563.2109583689826,2806.6470842604426
1.0,1,1.0,True,False,False,1.0,100.0,1420.921598063051,1261.4171571294496
1.0,2,1.0,False,False,False,0.9965014825622187,98.0,1779.4483151325312,1582.1917265368068
4.0,7,4.0,False,False,True,0.7979738323239568,98.0,4356.702602054239,3632.236761888454
1.0,2,1.0,True,False,False,0.9970792469839346,97.0,1708.3715856187732,1263.4873838139708
2.0,5,3.0,False,False,False,0.7159624463282097,100.0,3290.7390911010843,3634.1058337092145
1.0,2,1.0,False,False,False,1.0,100.0,1764.5249672301964,1382.5117541979566
1.0,8,4.0,True,False,False,1.0,92.0,2602.010430118385,2874.6029316823146
1.0,2,1.0,False,False,False,0.909714218648162,100.0,1634.502095431924,3705.0290243116874
1.0,2,1.0,False,False,False,1.0,91.0,1784.3510601104629,1638.2216860487715
1.0,4,2.0,False,False,False,0.9890134503687792,100.0,2279.2697316013105,2185.532390639687
3.0,6,2.0,False,False,True,0.9828282333013771,100.0,3908.6725820019747,2809.2197547169367
2.0,7,3.0,False,False,True,0.9676333703331493,85.0,3411.2517437702068,3467.983262648244
2.0,8,4.0,True,False,False,0.9957329363226921,87.0,2873.0581733075583,2511.3328152439453
1.0,2,1.0,False,False,True,1.0,100.0,1776.2079307938095,1168.3396625135586
2.0,5,3.0,False,False,True,0.9935169967265561,95.0,3200.8005333265714,3703.690306533804
1.0,3,2.0,False,False,True,0.737030651467411,86.0,1892.6534557113525,2049.4753068949653
1.0,1,1.0,True,False,True,0.9947231480558304,88.0,1410.167121681773,1314.0759822242712
1.0,1,1.0,False,False,False,1.0,100.0,1331.2624796167424,1264.2381526813392
1.0,2,1.0,False,False,False,1.0,100.0,1764.5249672301964,1649.9588881997893
0.0,2,2.0,False,False,True,1.0,80.0,1885.2869069755752,2137.922982819437
0.0,2,0.0,False,False,False,0.9702475907489972,97.0,2076.3090370956434,2154.404354922741
1.0,3,2.0,False,False,False,1.0,91.0,1684.184498577062,1657.148853911167
0.0,3,2.0,False,False,False,0.924056501472604,94.0,2317.2625897591683,2803.478991732453
0.0,3,2.0,True,False,True,0.9865994310963919,75.0,2050.308065768222,1906.3155573150827
2.0,4,2.0,False,False,False,0.9978308500957346,99.0,2816.4758819182484,2141.3387406142383
1.0,3,2.0,True,False,False,1.0,100.0,2033.6978266747599,1676.2269317648602
2.0,4,2.0,False,False,True,1.0,90.0,2430.426332640828,2140.8891647250116
1.0,2,0.0,True,False,True,0.9760296410344126,88.0,1705.5588180369436,1350.3682847295108
1.0,2,1.0,True,False,True,1.0,96.0,1693.2822846478566,2377.4690036408865
2.0,4,2.0,False,False,True,0.992304065354977,91.0,2416.964187440783,2159.5086731323026
1.0,2,1.0,True,False,True,1.0,93.0,1598.868407870104,1792.310991990925
1.0,1,1.0,False,False,True,1.0,100.0,1438.7064855464273,1456.1897405574045
1.0,1,1.0,True,False,False,1.0,95.0,1389.4647700588198,1186.4124160080894
1.0,2,1.0,True,False,True,0.9989131228341335,97.0,1757.674079583416,1923.0398286638588
1.0,2,1.0,True,False,False,0.9862172345542259,100.0,1897.526150979509,2153.326525747022
0.0,2,1.0,True,False,False,0.9883520060263088,96.0,1972.8925582755664,1776.4662050232675
1.0,3,2.0,True,False,False,1.0,99.0,1828.3612352650625,2729.6820554290666
1.0,2,1.0,False,False,False,1.0,100.0,1764.5249672301964,1431.1247585045185
3.0,7,5.0,False,False,False,0.9879841181185949,87.0,3299.93410431983,2803.2531814406916
2.0,6,3.0,False,False,True,1.0,91.0,3080.523812521074,2944.215163552298
3.0,4,2.0,False,False,False,1.0,97.0,2881.3961005590386,2185.005327719338
1.0,0,0.0,False,False,True,1.0,100.0,1539.1310339958236,1385.7261962119044
1.0,2,2.0,False,False,True,1.0,97.0,1767.180557919999,1524.7004842828699
1.0,2,1.0,False,False,False,1.0,85.0,1592.8459915024332,1656.907371728515
2.0,4,3.0,False,False,True,0.7596363511586791,92.0,2418.1033837559294,3085.3088330118417
1.0,1,1.0,True,False,False,0.9916937841945536,100.0,1446.0645437350288,1126.773668480645
1.0,4,2.0,True,False,False,1.0,80.0,2476.5249514238126,2069.1838440796037
1.0,3,1.0,True,False,False,1.0,88.0,2566.410544585266,1113.4762133429228
1.0,2,0.0,False,False,False,1.0,91.0,1817.2962123115008,1868.3203624686396
3.0,10,4.0,True,False,False,1.0,89.0,3615.187753653171,3438.5599509144677
3.0,7,3.0,False,False,False,1.0,40.0,4719.691562037658,3818.3154179824855
2.0,4,2.0,False,False,False,1.0,97.0,2927.133904910476,2151.4399198584847
1.0,1,1.0,True,False,True,0.9577686118559058,84.0,1373.5650876654636,1269.5389748800203
1.0,4,1.0,True,False,False,0.9930695075011252,81.0,2055.455633331482,1889.4816070342765
3.0,6,3.0,True,False,False,0.9876300109863794,100.0,2968.193350432362,4262.775242796248
1.0,2,1.0,False,False,False,0.9971508765212254,94.0,1687.426499396556,2162.578848667341
1.0,2,1.0,False,False,False,1.0,95.0,1828.8043973865229,2749.0191303207753
3.0,6,3.0,False,False,False,0.9897466610946755,88.0,3053.5924622173025,2470.191287930914
1.0,1,1.0,False,False,False,0.8555933732452767,84.0,2661.1867592262693,3977.474911662282
3.0,4,0.0,True,False,False,0.9850163101453416,100.0,3346.535352279167,4761.480818215956
3.0,5,3.0,True,False,True,0.9514331982396156,87.0,2828.776474997556,1787.8468120596874
1.0,6,6.0,True,False,False,0.9933556281789465,80.0,1799.5125570823423,1130.2607179897063
1.0,2,1.0,True,False,True,0.9897288257578122,100.0,1893.46677527039,1402.331113036964
2.0,4,2.0,True,False,True,0.9856464408400892,100.0,2556.422893039343,2278.926498116584
1.0,6,3.0,True,False,False,0.9942064616716234,100.0,2556.7997978742524,1923.1180076884277
2.0,4,1.0,False,False,False,0.980923881930432,95.0,2472.887048008308,2173.6553558352966
3.0,5,3.0,True,False,True,0.9945160086089168,100.0,2971.454574215206,2437.3123223068305
1.0,2,1.0,True,False,True,1.0,94.0,1707.4750847801156,1377.4666069566756
2.0,4,2.0,False,False,True,0.9981128840026017,94.0,2839.1537139312427,2563.7631787486835
0.0,2,1.0,False,False,False,0.9882248138409336,95.0,2086.2472232577447,2041.3361573025234
1.0,3,1.0,True,False,False,1.0,93.0,3436.046853414645,13798.410751780275
1.0,16,16.0,False,False,True,1.0,79.0,1399.9453115686742,1217.0912231403386
1.0,3,1.0,False,False,True,1.0,97.0,2047.303959326675,1247.8798939137123
3.0,6,3.0,False,False,False,1.0,93.0,3504.9279302762334,4792.176171619358
1.0,3,1.0,True,False,False,1.0,74.0,2638.721989324686,1860.9818778611234
2.0,6,4.0,False,False,True,0.7890506654835955,85.0,3097.8817131078167,2698.4572341962353
1.0,1,1.0,False,False,True,0.9986561893181993,99.0,1415.2328029884804,2154.3697215853167
1.0,1,1.0,False,False,True,0.0,100.0,1669.257759690526,2021.4311454720869
1.0,4,2.0,True,False,False,1.0,92.0,2123.4896862587057,2175.1237099067384
0.0,2,1.0,False,False,True,0.9836442097318375,98.0,1958.4636775097465,2038.7880858858161
1.0,2,1.0,True,False,False,1.0,100.0,1896.3000091377646,2278.3338502394536
1.0,2,1.0,False,False,False,0.9988920852431222,99.0,1742.605346541439,1956.3992253603953
1.0,4,2.0,False,False,True,0.9970851057874665,100.0,2103.549449668541,1909.306183086613
1.0,2,1.0,True,False,False,0.9944710406630629,95.0,1600.5342553431376,1237.6311722170137
0.0,2,2.0,True,False,False,1.0,100.0,2043.4277105864767,3450.170463566132
2.0,5,2.0,False,False,False,0.8595647053349533,80.0,2586.0775431736292,2666.5695986085248
1.0,2,1.0,True,False,False,0.9158529761327304,80.0,1625.593136657308,1392.0653604038982
2.0,6,2.0,False,False,False,0.9929734225488335,90.0,3047.0369523343315,1719.1856111383438
2.0,6,4.0,True,False,True,0.9809466954754906,97.0,3162.0903530480546,2820.3238656272474
3.0,7,3.0,False,False,False,0.9927619625564833,94.0,4099.396158455717,4800.251543488449
1.0,2,1.0,False,False,False,0.9948770485373902,94.0,1675.1624834168847,1504.7869435806836
4.0,2,1.0,True,False,False,1.0,90.0,1677.2034930256084,2109.8677871003597
4.0,8,7.0,False,False,False,1.0,96.0,4609.4227370808285,5547.409235986421
2.0,4,2.0,False,False,False,0.9938404380648658,87.0,2496.298668834261,3483.5489381088923
3.0,9,6.0,False,False,True,0.7697626914625283,94.0,5399.999476345537,6060.045104934131
2.0,4,2.0,False,False,False,0.992855039086969,100.0,2972.211321587876,3084.038340966745
3.0,7,3.0,True,False,False,1.0,100.0,3924.5846257656767,4001.896632041107
0.0,4,2.0,True,False,False,0.9758863545979627,80.0,1822.280283611576,1593.2135621938933
1.0,1,1.0,False,False,False,1.0,97.0,1393.3081454641854,1925.9331628975626
1.0,2,1.0,True,False,False,1.0,98.0,1568.4362119854654,1508.8728359491934
3.0,7,5.0,True,False,True,0.9996923058761198,88.0,3309.0229390641134,2503.5584391833236
3.0,5,3.0,False,False,True,0.9972111636252683,100.0,2844.3776771341254,4079.1592293884223
1.0,2,1.0,False,False,True,1.0,95.0,1649.4319085855948,1231.3699799939945
1.0,4,2.0,False,False,False,0.9964523147884123,96.0,2353.612547383433,1817.8021514418435
1.0,2,1.0,False,False,False,1.0,100.0,1764.5249672301964,2152.4179755884047
2.0,6,2.0,True,False,False,1.0,86.0,3037.4736337485638,2668.0592286736173
2.0,6,3.0,True,False,True,1.0,93.0,2684.6161867644405,2877.704774704455
0.0,2,1.0,True,False,False,0.9575915325597726,95.0,2047.196419905248,1899.086262762734
0.0,4,2.0,True,False,False,0.9700563583029685,96.0,2291.0858093378106,1587.6983566513898
1.0,2,1.0,False,False,True,0.9086196475608649,96.0,1505.804925082151,1544.2349039114574
1.0,2,1.0,False,False,True,0.9865652972047044,40.0,2029.571055774059,3502.066214145205
2.0,4,2.0,True,False,False,0.8075069279512899,100.0,2741.4921110416817,2939.3594716730627
1.0,2,1.0,True,False,False,0.9239015394001345,84.0,1607.0591853177755,1921.8585372984949
1.0,2,1.0,False,False,False,0.9218392048385138,100.0,1682.2444899143604,1525.7669266598007
1.0,2,1.0,True,False,True,0.7930806867766136,92.0,1592.3813727435088,1526.8360739488285
1.0,3,1.0,False,False,False,0.9099589341558925,100.0,2040.1451637917378,1186.6834840853346
1.0,2,1.0,True,False,False,1.0,89.0,1674.187025214882,1643.7621097056401
3.0,6,3.0,False,False,False,1.0,97.0,4152.6131028044065,1688.3725599074935
1.0,3,1.0,True,False,False,1.0,96.0,2374.9630457843714,2418.9419051440086
1.0,2,1.0,False,False,True,0.9453833043905255,92.0,1462.1499463494154,1189.8434044963772
1.0,2,1.0,False,False,True,1.0,92.0,1713.7696199528118,1311.4826313264043
3.0,10,6.0,False,False,True,1.0,96.0,4829.420017691761,3079.62097610808
1.0,3,2.0,False,False,False,1.0,87.0,1860.235914353442,2393.29891515698
2.0,6,3.0,True,False,False,0.9909205428647738,100.0,2827.82499183071,3303.0485817994113
1.0,2,1.0,True,False,True,0.9996072669304843,75.0,1693.7203601976892,1527.5449904391967
1.0,3,1.0,True,False,False,1.0,93.0,3436.046853414645,2876.5139424231793
0.0,2,1.0,True,False,False,0.6782595415562007,91.0,1807.2891560775054,1635.9780903115752
1.0,3,1.0,True,False,True,0.9287473511019233,90.0,2105.5795615735065,2451.5471647173
2.0,4,4.0,False,False,False,0.9890646771354032,98.0,2873.5375305876482,4108.882894678634
1.0,3,1.0,False,False,True,0.9965869015379015,100.0,1951.4202705590574,1860.2243576414262
2.0,4,2.0,False,False,True,1.0,98.0,2324.1527777010724,2182.1746462396545
1.0,2,1.0,True,False,False,1.0,100.0,1896.3000091377646,1488.5660520119116
1.0,1,1.0,False,False,True,0.33141305124104814,91.0,1564.121641816553,1197.5505979567954
1.0,1,1.0,True,False,False,0.9916557126648236,100.0,1446.0645437350288,1615.0849745854105
4.0,12,6.0,False,False,True,0.997369429430193,60.0,5258.049219425294,7390.341676870875
1.0,4,3.0,False,False,True,0.9892794193815696,82.0,2183.218672953165,2045.251832590644
1.0,2,1.0,False,False,True,1.0,100.0,1776.2079307938095,2172.331805242689
1.0,3,1.0,True,False,False,1.0,85.0,2684.924687049925,2899.9396212216575
1.0,1,1.0,False,False,False,1.0,93.0,1303.4306176591565,1239.7329312040663
3.0,6,3.0,False,False,False,0.9955556670707708,86.0,3010.522458065649,3214.7079520738175
2.0,5,3.0,True,False,False,0.8685734580191079,90.0,2631.6258639791804,2841.006902770719
1.0,1,1.0,False,False,True,1.0,97.0,1337.082523857785,1498.4293824485571
1.0,3,1.0,False,False,True,0.9952360223939849,70.0,2070.2682787600265,1894.1013188774314
3.0,10,5.0,True,False,False,1.0,91.0,3381.7128325557055,2858.0219038847076
1.0,2,1.0,False,False,False,1.0,100.0,1764.5249672301964,1247.351172548745
1.0,2,1.0,False,False,True,0.9870316615283202,97.0,1860.9653429964126,1399.1512534826077
1.0,1,0.0,False,False,True,0.9934278829178891,80.0,1502.4072876382997,1596.2033231938635
0.0,2,1.0,True,False,False,0.9723425468129374,100.0,2089.6117438867764,2107.9829123754157
2.0,4,2.0,False,False,True,0.9990558173786396,71.0,2458.1336773350436,2288.238224727606
1.0,4,1.0,False,False,False,0.9986447373102113,93.0,2451.7026001680865,3425.071340468986
2.0,6,3.0,False,False,True,1.0,84.0,3716.5272766635085,6083.9870884468655
1.0,2,1.0,False,False,False,1.0,84.0,1508.5202653090726,1242.0961082929084
1.0,2,1.0,True,False,False,1.0,99.0,1678.157792337133,2800.6830309114753
1.0,1,1.0,False,False,True,0.67398448045512,100.0,1552.153733717023,1587.9903159654732
0.0,2,0.0,True,False,False,1.0,89.0,1955.0636579821282,1848.4542290900724
1.0,2,1.0,False,False,False,1.0,99.0,1742.605346541439,1703.4815442671331
3.0,6,3.0,True,False,False,0.9987767661786725,93.0,3619.495839118436,4592.155319113042
1.0,2,1.0,False,False,False,1.0,95.0,1828.8043973865229,1390.2206305095726
2.0,4,3.0,False,False,True,0.955416198467188,97.0,2632.0862709854855,2165.3874119629418
1.0,2,1.0,False,False,False,1.0,100.0,1764.5249672301964,1459.997101955323
1.0,2,1.0,False,False,True,1.0,70.0,1765.0062922862887,1497.093721769855
1.0,2,1.0,False,False,False,1.0,95.0,1828.8043973865229,1525.0950920929301
1.0,4,1.0,False,False,False,0.9889896691411636,100.0,3181.155221567955,3477.5955036345135
1.0,1,1.0,True,False,False,1.0,96.0,1347.5718758582277,1185.3935721874227
1.0,2,1.0,False,False,True,0.9926867539305139,99.0,1882.4424872741363,3054.621171294705
1.0,8,8.0,False,False,False,1.0,80.0,1821.5707848371383,1125.7915625953551
1.0,1,1.0,False,False,False,0.9927364069202286,96.0,1314.761058293073,1192.3534668837362
1.0,2,1.0,False,False,True,0.996552225546411,100.0,1776.2079307938095,1902.8707113256396
1.0,4,1.0,False,False,True,0.9812802909447694,82.0,2368.267662475698,2947.7793253876166
1.0,2,2.0,False,False,False,0.9882675431005233,92.0,1650.2767255175106,1490.7151740445393
1.0,2,1.0,True,False,True,1.0,98.0,1609.203434805224,1596.525390999511
2.0,4,3.0,False,False,True,0.9913115392168157,92.0,2348.1500155977424,1769.058475009942
5.0,10,5.0,False,False,False,1.0,98.0,5170.056326681502,5981.394731295598
1.0,2,1.0,False,False,True,0.9904611091158668,95.0,1647.9853765317052,1858.4292312952725
2.0,6,3.0,False,False,False,0.8045325450128578,90.0,2902.0363626057715,2548.267592204736
1.0,2,1.0,True,False,False,0.9923812437102825,93.0,1810.2677776075566,2044.4649430368565
1.0,2,1.0,False,False,False,1.0,100.0,1764.5249672301964,1835.6181865196593
1.0,2,1.0,False,False,True,0.9846521267090486,100.0,1954.8588643423677,1222.8793424459543
1.0,2,1.0,False,False,True,0.9954681702437044,98.0,1755.3743594978394,1577.853063336272
2.0,7,3.0,False,False,True,0.9915378671471227,94.0,3947.8481914088975,4539.233323041691
1.0,2,1.0,False,False,False,1.0,90.0,1914.489921584844,1183.1772481546484
2.0,2,1.0,False,False,False,1.0,94.0,1711.787847934683,1508.953649569396
1.0,2,2.0,True,False,False,0.8776742394538452,100.0,1643.4684558966958,1359.6134696050979
0.0,2,1.0,True,False,False,0.9979681926337912,91.0,1909.3091087649254,1993.9038019572542
1.0,2,1.0,False,False,False,0.9922768215727716,92.0,1681.7200066089322,2306.665690897786
1.0,2,1.0,True,False,False,0.8595025719386854,71.0,2097.9445605642045,4018.048459055257
2.0,5,3.0,False,False,False,0.6627152414765394,84.0,2589.833146596535,1914.171263951225
1.0,2,1.0,False,False,True,0.9855835485348918,100.0,1819.233604395945,2709.0007062511936
1.0,2,1.0,True,False,True,1.0,89.0,1641.4431059936826,1292.8842329666693
1.0,2,1.0,False,False,False,0.9917670393074229,100.0,1769.0553820082723,1520.5928563848554
1.0,2,1.0,True,False,False,0.9974708322728069,100.0,1896.3000091377646,5479.573858335658
1.0,2,2.0,False,False,True,1.0,100.0,1689.7997483153727,1363.5507005323152
2.0,6,3.0,False,False,True,1.0,96.0,2905.279794910128,2419.7462989994233
0.0,3,0.0,True,False,False,0.8399615027296912,60.0,2703.331000376293,1864.002243885272
2.0,4,2.0,True,False,False,1.0,100.0,3321.0696899492186,1653.0331753458292
2.0,4,2.0,False,False,False,0.9882849559183038,96.0,2629.9769450943913,2180.2545476072005
2.0,4,2.0,False,False,True,0.9875940641515927,97.0,2654.2970092380224,2550.6340355793996
3.0,6,3.0,False,False,True,1.0,98.0,3972.5532792746244,2602.2543883796648
2.0,6,2.0,False,False,True,0.7302172949098972,96.0,4320.044145221525,4720.508627161419
1.0,5,2.0,True,False,True,0.7716768168153075,80.0,2341.222350226373,1783.4344949605645
2.0,6,2.0,True,False,False,0.881595962893755,90.0,2868.034470157386,2548.4789346290504
0.0,2,1.0,True,False,False,0.9786088587556915,73.0,1892.8246710256872,1958.3959825968732
2.0,2,1.0,False,False,False,0.898540625638867,93.0,1796.1600100746607,1972.2193083662175
2.0,8,4.0,True,False,False,1.0,80.0,2785.2281760850715,2289.484715636346
1.0,2,1.0,False,False,False,1.0,98.0,1779.4483151325312,1320.4617686912645
1.0,2,1.0,False,False,True,0.9963695013631142,94.0,1693.4172830847233,1526.7011845476636
2.0,8,4.0,True,False,False,0.9856705091638291,100.0,3050.0235107718536,4131.846698107543
2.0,10,4.0,True,False,False,1.0,100.0,3566.511397639828,2875.3536194349895
1.0,3,2.0,False,False,False,1.0,94.0,1832.6482943269405,2246.3928020422127
2.0,4,2.0,True,False,False,0.9951100771042153,90.0,2891.853656978651,3467.280775240734
1.0,3,2.0,False,False,False,0.9938426254179079,100.0,1949.453179503644,2358.46543061489
1.0,2,1.0,False,False,True,0.8828260783634057,90.0,1563.4734936004572,1586.69365811495
2.0,7,3.0,False,False,False,0.9965541346426536,100.0,3426.8845161388276,2779.5694159664913
1.0,1,1.0,False,False,False,1.0,100.0,1331.2624796167424,1134.4410623465778
1.0,2,1.0,False,False,True,0.9943398541726323,80.0,1799.8207731399848,2242.4268389282674
2.0,2,3.0,False,False,False,0.6656041972443776,100.0,2312.1614407520588,2385.9354392905047
2.0,4,2.0,False,False,False,1.0,98.0,2625.927978196971,3753.7216639223598
1.0,4,1.0,True,False,True,0.9851758585894113,90.0,2507.600746381717,3215.62998494391
0.0,2,1.0,False,False,True,0.9962406428008642,100.0,2103.888707402452,2094.5668614345914
3.0,4,2.0,False,False,False,0.983240589809009,100.0,3073.4201420078393,2803.2896609808604
0.0,4,1.0,True,False,False,0.941084124733529,95.0,2524.578344004569,2616.6202039780715
1.0,1,1.0,True,False,False,0.9806059459185813,100.0,1435.7471894292453,1259.4095121782166
2.0,4,2.0,True,False,True,1.0,90.0,2262.75793579331,2148.20226610308
1.0,1,1.0,False,False,True,0.88685362604208,93.0,1463.4935357902675,1715.512081691962
2.0,4,4.0,True,False,False,0.48227421434638545,75.0,2392.0595191031402,2026.3471133609378
1.0,1,1.0,True,False,False,0.9663638670409838,97.0,1316.8748131884315,1206.4173362265296
2.0,8,4.0,False,False,False,0.9171110729167705,94.0,3140.5328964890327,2823.6830656686075
2.0,4,2.0,False,False,False,1.0,97.0,2927.133904910476,2516.554012568753
1.0,2,1.0,False,False,True,0.9807768589454603,100.0,1954.8588643423677,1847.1534983377946
1.0,2,1.0,True,False,True,0.9865687473235546,93.0,1660.8721123861505,1273.6456778671245
4.0,8,3.0,True,False,True,0.9960439962675429,97.0,3746.000658863921,2179.761105797686
2.0,6,3.0,True,False,True,0.6923835316177086,91.0,2796.998961259141,2271.0914765917933
1.0,1,1.0,True,False,False,0.6606104585203113,100.0,1556.6309482047825,2657.8944333013
2.0,6,0.0,False,False,False,0.990691147562968,99.0,3799.003192527896,4106.8634572435
1.0,2,1.0,False,False,False,1.0,98.0,1779.4483151325312,1125.506193847151
1.0,2,1.0,False,False,False,1.0,85.0,1592.8459915024332,2043.1917752757163
1.0,2,1.0,False,False,True,1.0,100.0,1776.2079307938095,2819.8945136239763
1.0,2,1.0,False,False,True,0.9927290045982403,100.0,1784.8687354922047,1457.3145083422644
1.0,1,1.0,True,False,False,0.9989836415227095,99.0,1283.681635226501,1099.2894656348176
1.0,3,2.0,True,False,False,0.7131563186218824,93.0,1974.524981896438,1710.436653631323
0.0,2,1.0,False,False,True,0.998551591232642,95.0,2031.302096304734,1649.1604461705176
1.0,2,1.0,True,False,False,0.9812305319752646,73.0,1415.5677928569469,1364.6696912923765
1.0,2,1.0,True,False,True,1.0,80.0,1785.9339914567013,2094.620545159234
2.0,6,3.0,True,False,True,0.9896037092158108,98.0,2847.4203810132467,2654.2051768485576
3.0,6,4.0,False,False,False,0.9998368278765398,100.0,4077.3056052755946,6021.898249628258
1.0,2,1.0,False,False,True,0.8098138399227504,96.0,1776.9213448804803,1464.1062165969638
1.0,2,1.0,False,False,True,1.0,94.0,1693.4172830847233,2149.987118450524
1.0,4,4.0,False,False,False,0.9895974710157918,83.0,1902.6112094488103,2281.228718268152
1.0,2,0.0,True,False,False,0.981082856110285,96.0,1656.8271257128092,1836.6073809312882
2.0,6,2.0,False,False,False,0.9820400851859028,100.0,5133.976999771795,13973.066771828435
3.0,4,2.0,False,False,True,0.8641669441037289,90.0,2464.928678837961,1818.4540193129294
2.0,4,2.0,False,False,True,0.3248955779323345,100.0,2592.6571742639053,2032.0675195405754
1.0,2,1.0,False,False,True,0.6662288212630656,97.0,1813.337735974896,1455.5132930285627
1.0,2,1.0,False,False,True,0.9852458859890598,99.0,1902.513731140858,1581.258069203735
1.0,3,1.0,True,False,False,1.0,93.0,3436.046853414645,2875.693453154635
1.0,2,1.0,True,False,True,0.9873623092277946,99.0,1738.2705468222844,1559.8809133801803
1.0,2,1.0,False,False,False,0.9862944095793299,100.0,1736.6114963843866,2441.024520905959
2.0,5,3.0,False,False,True,1.0,93.0,3360.3130168876946,4633.0915854502555
1.0,2,1.0,False,False,True,1.0,91.0,1764.1714667512313,1969.005110268441
4.0,12,8.0,False,False,True,1.0,92.0,5340.952324042891,5964.972929979973
1.0,2,1.0,True,False,True,1.0,100.0,1836.2580245944484,1256.5702650436824
1.0,3,1.0,True,False,False,1.0,64.0,2413.8761338358067,2891.143276080852
1.0,2,1.0,False,False,True,0.7878794334827344,98.0,2060.833806138071,2414.7894468155832
0.0,4,1.0,False,False,True,0.92159739260661,86.0,2171.4046695036086,2153.414664760822
4.0,8,5.0,False,False,True,0.7813851554944452,100.0,5120.739651725644,2655.983045208299
1.0,2,1.0,False,False,True,0.9949616074611232,96.0,1721.9668108115843,1242.5422214995003
1.0,2,1.0,False,False,True,0.7756065251957878,100.0,2032.0243377074055,2572.068760923039
1.0,2,1.0,False,False,False,0.9839478298430405,96.0,1739.8084471907714,1381.9857264412426
3.0,5,3.0,False,False,False,0.7907294990807467,97.0,3785.8176833885364,3148.5040387380777
1.0,3,3.0,False,False,False,0.9891407747071037,87.0,1730.4074678576517,1838.2211876679755
2.0,1,1.0,True,False,False,0.9968977899275027,68.0,1600.0881913921792,1258.8732004156357
4.0,8,4.0,False,False,False,1.0,100.0,5186.764801608613,11215.189836907415
2.0,4,3.0,False,False,False,1.0,98.0,2458.1337745957676,2687.639643841329
1.0,2,1.0,False,False,False,0.8953693605576598,98.0,1626.1131193962353,1750.3909147768507
1.0,2,1.0,False,False,False,0.971156756328218,92.0,1677.6913319616942,1581.7421126872496
2.0,8,4.0,True,False,False,1.0,77.0,2931.005378362279,2980.2449673185783
1.0,6,1.0,False,False,False,1.0,78.0,2329.043590326459,2176.5477957835933
1.0,2,1.0,False,False,True,0.9829998023218979,97.0,1877.1532481602976,2430.8133717840874
1.0,3,1.0,True,False,False,0.9393302764027748,80.0,2437.9876740829955,3099.657011292546
1.0,2,1.0,True,False,False,1.0,93.0,1971.0843974619895,1911.800275946132
2.0,5,2.0,False,False,False,1.0,88.0,3228.4020329538257,3309.3244388974927
1.0,2,1.0,False,False,True,0.8927523154175453,93.0,1469.841177462027,1384.8572300502758
0.0,2,1.0,True,False,True,0.991246396389152,92.0,1944.3995397838771,1847.7877768389678
2.0,3,2.0,False,False,True,0.9954350270153164,99.0,2304.9245901960926,2189.5557781214106
0.0,2,1.0,False,False,False,0.6828443705277739,86.0,1902.5872845379615,1923.7187797424972
4.0,7,4.0,False,False,False,1.0,97.0,3937.0841176699655,3192.560430430282
2.0,4,2.0,False,False,False,0.9997865469782758,100.0,3006.727613570578,2545.669623296981
1.0,4,3.0,True,False,False,1.0,90.0,2077.836799750321,2480.088531058984
1.0,3,1.0,True,False,False,0.9763130879314784,80.0,1974.3534217474073,1559.0636658736735
1.0,2,1.0,False,False,True,1.0,97.0,1876.4311377970464,1583.087823853518
1.0,2,2.0,True,False,False,0.9888123383718616,80.0,1651.2926963387,1227.712653415617
1.0,2,1.0,False,False,False,1.0,93.0,1753.8672363887533,1218.3805914893558
3.0,9,5.0,False,False,False,0.9893575528806677,95.0,4243.49399919838,4783.41905817322
2.0,4,2.0,False,False,False,0.9914723783476636,95.0,2641.131441635503,2103.498366455876
1.0,3,1.0,True,False,True,1.0,100.0,1991.2229145118183,2029.9386427884224
0.0,1,1.0,False,False,True,0.8065895413478104,100.0,1611.2768910902575,1260.126706762949
2.0,4,2.0,True,False,True,0.9955366792123281,96.0,2637.301064855276,2252.646982996343
1.0,1,1.0,False,False,True,1.0,93.0,1306.6191692536586,1160.3917265323705
3.0,8,4.0,False,False,True,1.0,100.0,3960.8724414582557,2828.703139928925
1.0,1,1.0,True,False,False,1.0,95.0,1389.4647700588198,1266.3423301291919
1.0,2,1.0,False,False,True,0.995954450824416,96.0,1725.5932694524192,1413.8156333445534
4.0,8,4.0,False,False,False,1.0,98.0,3908.0356700445686,2690.922689490873
2.0,4,2.0,False,False,False,0.964063704050165,100.0,3062.773092265483,6961.851844480013
3.0,6,0.0,False,False,False,0.9877451152078117,98.0,4698.065319847357,3486.7101227809503
1.0,1,1.0,True,False,False,0.991599399644582,100.0,1446.0645437350288,1214.8659622502469
0.0,2,1.0,True,False,False,1.0,82.0,1760.072167216608,2037.673581610836
1.0,4,0.0,True,False,False,0.9894377595933197,78.0,2056.7619124033554,2114.3719536155304
1.0,1,1.0,False,False,False,0.9819659626577274,98.0,1351.8861177686038,1330.0925361034192
2.0,4,2.0,True,False,True,1.0,94.0,2516.6582773854902,2940.440228775188
1.0,3,1.0,False,False,True,0.7077121173397375,93.0,1921.4219558531179,1700.9735386068442
2.0,6,3.0,False,False,True,0.9959761730247566,97.0,3015.3905469977176,2680.896662938808
0.0,2,1.0,True,False,False,1.0,82.0,1760.072167216608,1789.0758711256365
2.0,4,2.0,True,False,True,1.0,97.0,2591.9635451054696,2421.7065812785477
1.0,3,2.0,False,False,True,0.9361275063402105,95.0,2115.1963766646873,2154.2992725664835
2.0,4,0.0,False,False,True,0.9890256042346504,93.0,2396.995301156908,2295.355860794222
1.0,2,1.0,True,False,False,1.0,90.0,1697.5701643100242,1600.2132875192015
1.0,2,1.0,False,False,False,0.9301160556153312,94.0,1572.8420310910196,1369.4507741121906
1.0,2,1.0,True,False,False,1.0,98.0,1568.4362119854654,1393.1180107186217
1.0,2,1.0,True,False,False,1.0,98.0,1568.4362119854654,1647.7881106447103
1.0,2,1.0,True,False,False,1.0,92.0,1766.3680845635172,1584.2899451820724
2.0,2,2.0,False,False,False,0.9935968124082059,100.0,2135.894566129677,2039.505365524721
1.0,2,0.0,True,False,True,1.0,89.0,1729.070791901983,1330.3573547091803
1.0,2,1.0,False,False,True,1.0,98.0,1755.3743594978394,2170.573746950927
1.0,5,2.0,False,False,True,0.9972129107578035,95.0,2575.157391511089,2971.954257761048
1.0,4,2.0,True,False,True,1.0,90.0,2106.6949472528686,3066.998520226107
6.0,14,9.0,True,False,True,0.9922553835607569,78.0,4687.705542623014,4214.831179560837
1.0,4,1.0,False,False,True,0.9961369550152209,99.0,2233.9131040860375,2188.9469475459573
1.0,4,2.0,True,False,False,1.0,93.0,2082.1049976325367,1749.72712794145
2.0,4,2.0,False,False,True,0.8923261919355769,100.0,2387.928260488746,2303.514655366867
1.0,2,1.0,True,False,False,0.9992222729973559,100.0,1896.3000091377646,1528.8768950343579
1.0,2,2.0,False,False,True,0.9954389515025024,93.0,1633.4201273953352,1281.4813474348798
0.0,4,2.0,True,False,False,0.9896036605717522,87.0,1836.74433272932,1852.9764714587538
2.0,4,2.0,False,False,True,1.0,98.0,2324.1527777010724,2244.5136403887623
2.0,6,2.0,True,False,True,1.0,100.0,3543.85000045331,3455.515786056062
1.0,2,1.0,True,False,False,1.0,95.0,1626.4772995506373,1315.5848318576177
2.0,4,2.0,True,False,True,1.0,97.0,2591.9635451054696,2549.7731646997804
1.0,2,1.0,False,False,True,1.0,99.0,1887.6021759445155,1446.9290927450995
1.0,1,1.0,True,False,True,0.9708179662714901,80.0,1410.3501588292743,1552.7221179331293
1.0,2,1.0,False,False,False,0.00640960799203096,100.0,2143.2797887412894,4812.290667097235
1.0,3,1.0,False,False,False,1.0,100.0,2226.0583619088607,2041.1331061300102
1.0,8,8.0,False,False,False,0.9797893700179314,80.0,2219.129050178841,3472.7780259428923
2.0,4,2.0,False,False,True,0.9968138375777276,80.0,2631.817966254534,1908.5114823013364
2.0,5,3.0,True,False,True,0.9754388790352103,85.0,3014.5649734654626,2162.443632223284
1.0,1,1.0,True,False,False,1.0,98.0,1325.0295742308167,1389.3232098597127
1.0,5,2.0,False,False,False,1.0,92.0,2316.957951942102,2174.461846900377
1.0,3,2.0,False,False,False,1.0,100.0,1944.5354160377515,2191.092034232207
1.0,4,2.0,False,False,False,0.9977120149218566,80.0,2395.8535274109795,1926.722606165956
1.0,2,1.0,False,False,False,1.0,97.0,1616.4821359318435,2709.48382915617
1.0,3,0.0,False,False,True,0.9498773510102531,80.0,2010.5938568636561,2278.5964828245737
1.0,2,1.0,False,False,False,0.992461084714453,96.0,1714.6279962337949,1596.9724598980138
2.0,4,2.0,False,False,False,0.990940348586823,96.0,2611.875456749167,3480.9266363061165
1.0,1,1.0,True,False,False,0.9927711479892384,98.0,1325.9492431612734,1532.0100283772608
4.0,7,6.0,False,False,False,0.0,100.0,4576.841050201829,4500.344159002219
0.0,4,2.0,True,False,False,0.9912944564435384,89.0,1893.955227820661,1940.759384917167
1.0,2,1.0,False,False,True,0.9932017229003878,97.0,1862.6386171797844,1582.330418167593
1.0,2,0.0,False,False,False,1.0,98.0,1490.9504004934363,1392.8100980979314
1.0,1,1.0,False,False,True,0.7990365336850571,100.0,1612.8690704845405,1630.8144570870868
1.0,2,1.0,False,False,False,0.9830669837365943,60.0,1680.5006819599137,1441.8779197337103
1.0,6,4.0,False,False,True,0.9944928321188142,93.0,2507.220682317902,2533.9907530002224
0.0,2,1.0,True,False,False,0.9938363457081766,85.0,1853.087794622413,1605.866346064507
6.0,2,1.0,True,False,True,1.0,97.0,2077.9474303476773,2170.903396438653
1.0,2,0.0,True,False,True,1.0,99.0,1656.9105853635647,1383.5658885092537
1.0,2,1.0,False,False,False,1.0,100.0,1764.5249672301964,1659.1280257132807
1.0,2,1.0,True,False,True,1.0,100.0,1836.2580245944484,1391.4517793888328
1.0,2,1.0,False,False,False,0.9930858779572359,94.0,1675.1624834168847,1850.9399339819731
1.0,3,1.0,False,False,True,0.7586118453776378,91.0,2034.96605123005,2162.313906376281
1.0,4,2.0,True,False,False,0.9292019383230683,80.0,2135.5419451300595,3013.8708192952045
1.0,4,2.0,True,False,False,1.0,77.0,2993.0311401357585,3478.144385018572
1.0,2,1.0,False,False,True,0.7921369594686167,87.0,1998.931852983974,2412.4033887618043
1.0,2,1.0,False,False,False,1.0,93.0,1753.8672363887533,1808.0267929996594
1.0,4,2.0,False,False,False,0.9891275966125533,100.0,2279.2697316013105,3239.637319606643
1.0,1,1.0,False,False,False,0.848479091138532,86.0,3862.213086993147,3990.915109695401
1.0,3,2.0,False,False,True,1.0,93.0,1773.5132310127894,1461.807082775372
1.0,2,1.0,False,False,True,0.9918229584801392,95.0,1647.9853765317052,2295.9081709035786
1.0,3,1.0,True,False,False,1.0,88.0,2566.410544585266,2863.678768525637
1.0,2,1.0,False,False,True,0.8999472440289096,98.0,1715.888465092889,2295.7295577294876
1.0,1,1.0,False,False,False,1.0,60.0,1417.067165446649,1127.9478441495555
2.0,6,3.0,True,False,True,1.0,60.0,3059.5318744380593,4709.157348910137
1.0,4,2.0,True,False,True,1.0,99.0,2316.0065841570345,2432.112635681094
1.0,3,2.0,False,False,True,0.9857388628285689,96.0,2090.4308089103365,2754.8431752551464
1.0,3,1.0,True,False,False,0.9952714720702195,98.0,2298.7094313214006,2283.2001461062023
2.0,12,6.0,False,False,True,1.0,95.0,4576.948269171393,5939.533766845863
1.0,2,2.0,False,False,False,0.9965567879823001,98.0,1794.371315714609,1509.940758572788
3.0,10,3.0,True,False,False,1.0,97.0,4826.906141434588,7301.989619595559
1.0,4,2.0,True,False,False,0.9845257787163085,86.0,1991.7631664319053,1598.7148692397152
3.0,6,3.0,True,False,True,0.9946242305899926,84.0,2976.2706798667573,6668.96884674996
4.0,8,4.0,False,False,True,1.0,95.0,4891.904151988705,5932.864484074977
1.0,3,2.0,False,False,True,0.9071737056807306,84.0,2096.8057360992702,2023.0187153953145
1.0,2,2.0,True,False,False,1.0,100.0,1538.6536511384593,1401.3696687952333
3.0,6,3.0,False,False,True,1.0,100.0,3116.900440634153,3349.2137567039213
4.0,8,8.0,False,False,True,0.9376404451397682,100.0,4449.574919889185,2835.1811806411306
2.0,4,1.0,False,False,False,0.0,100.0,2510.62705958469,1840.1499551071227
1.0,2,1.0,True,False,True,0.9950897030192202,96.0,1693.2822846478566,1652.060788978018
2.0,4,2.0,False,False,False,0.9959802902794304,86.0,2452.7689458719383,2053.074820638459
4.0,7,4.0,False,False,True,1.0,100.0,4497.582153118781,2185.3613632948313
1.0,1,1.0,False,False,False,0.9956795618575522,98.0,1300.3477107403537,1032.1881968771072
1.0,4,2.0,False,False,True,1.0,96.0,2541.5326223503466,1513.0372815192852
2.0,4,2.0,False,False,False,0.9829953250304321,98.0,2663.7097586795335,2160.696194426267
1.0,2,1.0,False,False,False,0.9442373807097172,94.0,1645.6434832815257,1642.440004367147
2.0,4,2.0,True,False,False,1.0,97.0,3056.74767311176,2970.969081564153
1.0,2,1.0,True,False,False,0.9462389594307657,90.0,1836.0539725891667,2020.9008996445104
1.0,3,3.0,False,False,False,0.9834582355977234,94.0,1876.322080447619,1275.0972917165855
1.0,1,1.0,True,False,False,0.9896552864298246,80.0,1322.0736538080891,1254.3026547398736
0.0,2,0.0,False,False,True,0.7688457969879758,93.0,1975.4252103510503,2001.9108834188796
1.0,2,1.0,True,False,True,0.984163920655798,100.0,1958.0972900578893,1382.5456972659433
4.0,8,5.0,False,False,False,1.0,100.0,4797.411141845101,4144.550518794472
2.0,3,2.0,True,False,True,1.0,95.0,2158.485976881518,3474.3809856161083
3.0,6,3.0,True,False,False,0.9398666715296353,98.0,4213.380887230766,2341.6229522791573
1.0,2,1.0,True,False,False,0.9965729344638674,81.0,1608.8281226067245,1582.759531672823
1.0,2,1.0,True,False,False,0.99400336345641,83.0,1569.2391230283276,1763.7446533148918
1.0,2,1.0,True,False,False,0.9803596784202909,93.0,1579.8492440408834,2140.3455989238378
0.0,3,2.0,False,False,False,0.9326712634835437,86.0,2334.3386143726775,2373.331506600849
2.0,6,3.0,False,False,False,1.0,89.0,2904.6602906403114,2439.821923355243
1.0,2,1.0,True,False,True,1.0,99.0,1623.4535754061508,1722.5766374134869
2.0,5,3.0,False,False,True,0.9942422224507595,90.0,3224.548585122131,2767.588749100278
2.0,6,3.0,True,False,False,1.0,91.0,2587.6845015315744,2701.7128832939648
1.0,2,2.0,False,False,False,1.0,91.0,1647.438902283468,1402.6189983469387
1.0,2,1.0,False,False,True,1.0,99.0,1887.6021759445155,1791.1858321071459
2.0,4,2.0,False,False,True,0.9857482223549929,92.0,2395.701641185787,2829.6795324465224
1.0,4,1.0,False,False,False,0.9819182207746984,96.0,2454.98374296737,3127.4080305316174
0.0,2,1.0,True,False,False,0.9718259435906988,90.0,2143.9169736120853,1467.625290957365
1.0,2,1.0,False,False,False,0.9802070169696318,100.0,1732.4757025656768,1202.4039458356458
0.0,4,4.0,True,False,False,0.9385180645861748,100.0,2298.988332206258,2053.758541032715
1.0,3,2.0,False,False,False,0.9963229767378221,90.0,1710.8246994074914,1636.5784836958248
1.0,2,1.0,False,False,True,0.9953984903832359,100.0,1776.2079307938095,1592.5692635167195
3.0,6,3.0,False,False,False,1.0,90.0,2982.7384924456314,2583.547734509675
2.0,7,4.0,True,False,False,0.9932240757022155,93.0,2625.287146072389,2425.6309784841537
1.0,2,1.0,False,False,True,0.9539573546246505,75.0,1735.8700216742084,1912.6954456566598
1.0,2,2.0,False,False,False,1.0,100.0,1703.4626658181455,2320.4989651764536
1.0,2,1.0,False,False,False,1.0,100.0,1764.5249672301964,1842.8943797920008
4.0,8,7.0,False,False,True,0.9861459060818187,98.0,4634.964068932456,5886.666994041481
1.0,2,1.0,True,False,True,0.9702926898390483,88.0,1567.15753228229,1363.3545086465263
1.0,2,1.0,False,False,True,1.0,94.0,1693.4172830847233,1349.5829648836016
1.0,1,1.0,False,False,False,0.987435974444677,86.0,1336.4884090506546,1210.6479890276137
1.0,2,1.0,False,False,False,0.9866292489211216,100.0,1736.6114963843866,2820.0631511265497
1.0,2,1.0,False,False,True,1.0,99.0,1887.6021759445155,1825.8013298176022
2.0,3,2.0,False,False,False,0.7033693433014405,88.0,1873.2834453979667,1738.0882899678725
1.0,1,1.0,True,False,False,0.9673310328707341,60.0,1399.3596034754469,1105.8330517355664
1.0,2,1.0,False,False,True,1.0,60.0,1880.24288391369,1493.1121435808773
2.0,4,2.0,False,False,False,1.0,95.0,2651.7591009017333,2844.9283176042504
0.0,2,1.0,True,False,True,0.9996368406658408,72.0,1778.9710473405935,1764.4897643456916
1.0,1,1.0,False,False,False,0.9999778733052944,94.0,1349.7479664302407,1971.1436363118842
1.0,1,1.0,False,False,False,1.0,99.0,1345.173047164596,1750.1590418276257
2.0,4,2.0,False,False,False,0.9902961601824875,96.0,2611.875456749167,2421.709649548398
1.0,3,2.0,False,False,True,1.0,92.0,1735.2024646334573,1586.168722509668
1.0,2,1.0,False,False,False,0.9297291107036824,88.0,1893.8468008401023,2449.9646336227834
2.0,6,3.0,True,False,False,0.9507578103601998,88.0,3253.032128662764,2119.589936975793
3.0,9,2.0,False,False,True,0.7733173100015589,100.0,4601.354097996987,5379.620970371243
1.0,0,1.0,True,False,True,0.9947518716631771,95.0,1473.678443948838,1249.7443654434705
1.0,1,1.0,False,False,False,0.9816643578601291,94.0,1354.4721109137472,1236.2031179205146
2.0,6,4.0,False,False,False,1.0,92.0,2609.471608554699,1911.2269065479254
2.0,5,3.0,False,False,False,0.9912105299675215,93.0,2497.0092500803817,2095.164498704204
1.0,2,1.0,False,False,False,1.0,100.0,1764.5249672301964,2121.8169748597165
2.0,4,2.0,False,False,True,0.9870905674967478,80.0,2657.208361073719,2844.1034654936316
1.0,2,1.0,True,False,False,0.809230132368945,98.0,1657.0074594786038,1776.5329672049097
1.0,4,2.0,True,False,True,1.0,93.0,2333.4428608598273,2514.4760975999648
2.0,8,2.0,True,False,False,0.9929412098593978,95.0,3122.173652491936,2657.8167970863315
1.0,1,1.0,True,False,False,1.0,83.0,1303.3952209781523,1200.65992228073
2.0,5,2.0,False,False,True,1.0,85.0,2788.7392878997584,2623.7369664212556
2.0,7,4.0,True,False,False,0.8148229948615292,84.0,3491.201365311242,4733.994433130785
1.0,2,1.0,False,False,True,0.9896752103210513,98.0,1794.2519556230936,1795.234457564038
1.0,2,0.0,True,False,False,0.9584770202150585,90.0,1653.2451171257794,1492.6284062101208
0.0,2,2.0,True,False,False,0.9335931636329222,100.0,2157.6400943215913,2441.396070159669
1.0,2,1.0,False,False,True,1.0,99.0,1887.6021759445155,1399.2728972329421
2.0,5,0.0,True,False,True,1.0,95.0,3764.5979551611586,5045.973961526918
1.0,1,1.0,True,False,True,0.9934819262192629,100.0,1455.4296371193718,1636.8175018368306
3.0,7,3.0,False,False,False,0.7163589377861078,100.0,3940.482448486393,3729.7179731699484
1.0,2,1.0,True,False,True,1.0,60.0,1848.4004457294418,1917.2566384422269
1.0,2,1.0,False,False,True,1.0,97.0,1876.4311377970464,1255.8353302297978
1.0,2,1.0,False,False,True,1.0,97.0,1876.4311377970464,1904.4168321412
3.0,11,7.0,True,False,False,0.8986203690125685,75.0,3629.7815694043543,3092.235952309009
2.0,8,4.0,True,False,False,0.9976690307896285,83.0,2749.4180356757734,2518.229425111564
3.0,4,2.0,False,False,True,0.805481263287273,100.0,2711.944203301568,2169.6754484644903
0.0,4,2.0,True,False,False,1.0,92.0,1865.0273070077326,1650.583372554978
3.0,5,4.0,False,False,True,0.983510241621087,100.0,3306.136893047253,1909.5873069868596
1.0,2,1.0,False,False,False,1.0,95.0,1828.8043973865229,2037.970819894663
2.0,4,2.0,False,False,True,0.9913943021057744,94.0,2819.275681650583,3449.1370288393373
1.0,3,1.0,False,False,True,0.7858306359152435,100.0,2245.315303488829,2161.652230791265
3.0,9,4.0,False,False,True,0.9633165511189127,96.0,4971.701153750134,4713.457703618192
3.0,5,4.0,False,False,False,0.9978389562881668,100.0,3707.4973824827357,4782.739267010983
1.0,2,1.0,False,False,False,0.989834756378174,92.0,1670.0659895981264,2805.817415957488
1.0,2,1.0,True,False,True,0.976736384402608,95.0,1813.0531038678434,2019.0604540168408
1.0,4,1.0,True,False,False,0.9964154449316319,94.0,2141.187711552421,1907.2747029519444
2.0,3,3.0,False,False,True,0.8950942916511414,94.0,2405.659023009331,2162.501399349207
3.0,5,3.0,True,False,False,0.9985009888534162,100.0,3093.9865253753073,3180.51600533532
2.0,4,2.0,False,False,True,0.9937110204595763,92.0,2359.3133043390703,1897.3580060169074
1.0,1,1.0,False,False,True,0.9182932966352728,95.0,1414.309264501633,1266.9264317349853
2.0,6,4.0,False,False,True,1.0,94.0,3244.0661636511863,3444.301614304508
1.0,2,1.0,False,False,True,0.9950038667637853,84.0,1893.9291948691875,2817.39171207812
5.0,9,5.0,True,False,False,0.8793637316255264,100.0,4235.051573687115,4120.571041564761
1.0,3,1.0,False,False,True,1.0,92.0,1921.253843974471,1982.4019015510855
0.0,2,1.0,True,False,True,1.0,100.0,2066.4878213237434,1758.6755845602413
1.0,2,1.0,False,False,True,0.9860378818562496,96.0,1727.0546801830883,2183.4852772058207
1.0,2,1.0,False,False,False,0.9902570943917337,98.0,1771.3422405415583,1312.9359129990453
0.0,2,1.0,False,False,True,0.8521815312597666,100.0,1926.7422935434035,1643.28254391772
2.0,7,7.0,False,False,False,0.9656030004906418,70.0,2659.6024488271573,1901.6011233372196
1.0,2,1.0,False,False,False,0.9940457679712396,94.0,1675.1624834168847,1354.3433411845526
1.0,2,1.0,True,False,True,1.0,97.0,1757.674079583416,2147.905149871367
1.0,2,1.0,False,False,True,0.6073572131101889,95.0,1773.982762231155,1773.2276451834873
1.0,4,1.0,True,False,False,0.9990266028938248,85.0,2166.714189227944,2157.9440956875515
2.0,4,2.0,True,False,True,0.9967320265710071,98.0,2518.108117554329,1420.6361108431915
1.0,2,0.0,True,False,False,0.9836530648124561,80.0,1608.3607661184615,1840.6126089522759
1.0,3,2.0,False,False,True,0.9895959005812826,90.0,1813.3245141256414,1409.1583346906534
1.0,2,1.0,False,False,False,0.9948022521036997,95.0,1795.6717688029,2551.6116653352747
1.0,2,2.0,False,False,False,0.9875496554074864,89.0,1734.4091998281062,1889.043362717322
0.0,2,1.0,True,False,False,1.0,88.0,2013.3498606504038,2041.6804726789665
2.0,4,2.0,False,False,False,0.9882045894141928,92.0,2825.96452503202,2406.8526151108613
5.0,10,6.0,True,False,False,0.996170630447352,100.0,4975.304024164893,4729.911882394684
4.0,8,6.0,False,False,False,0.9831811964497746,100.0,4836.207625985399,5086.641096491467
1.0,2,0.0,True,False,False,1.0,100.0,1736.652845765421,1467.8887599015
2.0,8,5.0,False,False,True,0.9986073129333242,100.0,3839.3926884237994,3093.645125638355
1.0,2,1.0,True,False,False,0.8651253070230255,86.0,1839.867740720706,1894.2664349549214
2.0,4,2.0,True,False,False,0.8886843739345367,100.0,2689.4539270211453,3232.233616420532
2.0,4,3.0,False,False,True,0.9943588519938841,95.0,2420.731673233798,1918.8738894372327
1.0,4,2.0,False,False,True,0.9962956739858956,97.0,2197.410554351892,2695.9689230828026
2.0,6,2.0,False,False,True,0.9984749992984969,96.0,3701.543170277205,3492.2283314662773
2.0,4,2.0,True,False,False,0.9965401916909751,99.0,2672.1973210993897,2555.0904242044394
3.0,7,0.0,True,False,True,0.9967332143409101,98.0,5878.936766337821,8944.898039048609
1.0,3,2.0,False,False,True,0.9965693745661434,99.0,2127.865965177941,2430.584336710686
1.0,2,1.0,False,False,False,0.9792882011741953,100.0,1734.2458692323435,1976.9292493459423
1.0,1,1.0,True,False,True,1.0,97.0,1360.1977801982634,1182.9060354343144
2.0,4,2.0,True,False,False,1.0,100.0,3321.0696899492186,3070.99162636939
1.0,2,1.0,True,False,True,1.0,79.0,1677.209019819959,1546.7572927932133
0.0,4,2.0,True,False,False,0.988642491521417,87.0,1836.74433272932,1755.0061925962107
1.0,2,1.0,False,False,False,0.48965461369151714,94.0,1853.033638056282,2448.2598479767644
1.0,2,1.0,True,False,True,1.0,97.0,1757.674079583416,1594.5549129058036
1.0,3,1.0,True,False,False,1.0,92.0,2725.86408631105,2897.470510481318
1.0,4,2.0,True,False,False,0.9171570988944666,90.0,2022.5715309066136,1701.2283662096036
1.0,5,2.0,False,False,True,0.9875340437087918,93.0,2532.3346640503846,2664.4246994178047
1.0,3,1.0,True,False,False,0.9793611495324551,90.0,2112.1556428779163,1714.8304189359524
1.0,2,1.0,False,False,True,0.9075406212723113,80.0,2919.6678108770298,8075.584132696995
1.0,1,1.0,False,False,True,1.0,97.0,1337.082523857785,1650.1704684802503
1.0,2,1.0,False,False,True,0.9400405200921677,74.0,1928.9077012131302,1919.4749270428485
1.0,3,1.0,False,False,True,0.9256667607161931,93.0,1975.0772242430903,2476.984099271921
2.0,4,2.0,True,False,True,1.0,91.0,2139.152314132019,1706.507793785096
2.0,5,2.0,True,False,True,1.0,90.0,4297.454347588695,7338.862487485004
1.0,2,1.0,False,False,True,0.7977190676800296,93.0,1646.7474486739334,1186.9871428124166
2.0,8,4.0,True,False,False,0.9914731498376717,92.0,2673.366007423078,2293.1623729941266
1.0,1,1.0,False,False,False,0.9019128826013626,94.0,1331.2154653185203,1189.3803035617443
1.0,3,1.0,False,False,False,1.0,78.0,2096.9068296202754,2124.601105407762
3.0,5,0.0,False,False,True,1.0,94.0,3279.800377505103,2087.662113960662
1.0,2,2.0,True,False,False,0.9253940198820941,97.0,1602.9602470880866,1490.051273772547
1.0,2,1.0,False,False,False,0.7122279863597055,94.0,1900.2375144980708,2302.5421128399653
1.0,6,3.0,False,False,True,1.0,90.0,2596.3967225779184,2397.66070693681
1.0,2,1.0,True,False,False,0.9921903029283985,100.0,1897.2857217305539,1372.3208826714408
1.0,4,0.0,False,False,True,0.9825543504810197,95.0,2117.960160875533,1956.8944296704324
1.0,2,1.0,True,False,True,0.9907834688022173,73.0,1693.989723343294,1263.7430608076402
1.0,2,1.0,True,False,False,0.9889527369490233,100.0,1897.526150979509,2179.7819087121234
1.0,4,2.0,True,False,True,1.0,95.0,2423.2151362446307,2351.2669616158832
1.0,2,1.0,True,False,True,1.0,98.0,1609.203434805224,1282.7938251169123
1.0,4,2.0,True,False,True,1.0,88.0,2423.8410044437637,2956.8572308448106
1.0,2,1.0,False,False,False,0.9873130802315683,97.0,1661.6534589582325,1323.111216256414
0.0,1,1.0,False,False,False,0.897865970239267,75.0,1591.84610296631,1187.4078108875194
1.0,2,1.0,False,False,False,0.9958378978616041,100.0,1764.5249672301964,1533.4459485121968
1.0,2,1.0,False,False,True,1.0,96.0,1725.5932694524192,1658.4172507363437
1.0,4,2.0,False,False,True,0.7504932483669956,100.0,2081.6401052814745,1847.1501927511677
3.0,5,3.0,False,False,True,1.0,94.0,2979.0348214033993,1631.686650764471
1.0,3,1.0,True,False,True,1.0,100.0,1991.2229145118183,2052.6347097299936
1.0,1,1.0,False,False,False,0.9930397983839905,97.0,1365.9509367736946,1525.9486009617465
1.0,2,1.0,False,False,False,1.0,98.0,1779.4483151325312,1593.4253620790882
3.0,6,4.0,False,False,False,0.9842049458291273,100.0,4159.297092472709,3336.072233627824
2.0,4,3.0,False,False,True,0.9896144369396411,98.0,2297.1462302112614,1852.9879740914957
1.0,3,2.0,True,False,False,0.9529242937433707,83.0,1923.7465045691504,1581.401851014786
3.0,4,2.0,True,False,False,1.0,97.0,2957.546085215622,3437.036718077107
1.0,3,3.0,False,False,True,0.9754039109768143,76.0,1997.9418131234224,1915.0682627309398
1.0,2,1.0,True,False,False,1.0,98.0,1568.4362119854654,2125.0401862677095
2.0,6,3.0,False,False,False,1.0,96.0,3236.391106266808,3133.0868011007665
1.0,2,1.0,False,False,True,0.981425212173366,91.0,1615.8450378100008,1908.509038422519
2.0,4,2.0,True,False,False,0.9858648502680281,89.0,2729.176887048782,2438.4564666339948
0.0,1,1.0,False,False,True,0.8089552553741698,100.0,1611.2768910902575,1833.5207901769677
1.0,2,1.0,False,False,False,0.9825963217438551,95.0,1766.0579643578735,1595.8866611239769
1.0,2,1.0,False,False,False,0.9980263239299051,92.0,1710.4207826393322,1253.5278630993496
1.0,2,1.0,True,False,False,1.0,80.0,1862.6633297499998,1699.8495940924788
1.0,2,1.0,True,False,True,1.0,97.0,1757.674079583416,1522.0224159904626
1.0,2,1.0,True,False,False,1.0,96.0,1598.2057550881614,1854.3136505422485
0.0,2,1.0,True,False,False,0.9755089253117069,94.0,1995.9261540777263,1923.901106682435
4.0,9,8.0,False,False,False,0.5020222587459197,98.0,4485.170077801827,5436.389831991135
1.0,1,1.0,False,False,True,1.0,97.0,1337.082523857785,1910.5174577580942
3.0,6,3.0,False,False,True,0.9933910566301382,98.0,3923.7893006791455,2024.1852253770912
1.0,3,1.0,False,False,False,1.0,100.0,2226.0583619088607,1256.1629934560947
4.0,10,6.0,True,False,False,1.0,81.0,3904.686361564903,4792.812688574531
1.0,1,1.0,True,False,False,0.9977752186670014,97.0,1340.8240435995451,1123.2574077746317
1.0,2,1.0,True,False,False,0.9006812285014065,96.0,1613.4986925351905,1945.4502199482802
1.0,3,1.0,True,False,False,1.0,100.0,2409.151489107626,3869.167871239385
1.0,2,1.0,True,False,True,1.0,98.0,1609.203434805224,1517.111552731089
3.0,6,3.0,True,False,True,1.0,87.0,3083.052780921659,1961.674762618501
1.0,1,1.0,False,False,True,0.7898562504401806,94.0,1571.561296377607,1124.9160892553657
2.0,4,2.0,False,False,False,0.9347107749761469,93.0,2681.186459690066,3417.718886880167
0.0,4,2.0,True,False,True,0.9950812130795035,92.0,2424.7495471941106,1910.7671584988734
2.0,5,2.0,True,False,True,0.9909608783483732,98.0,3212.420986849358,2550.737079770161
1.0,2,1.0,True,False,True,0.9820158607864219,91.0,1644.2871041323795,1322.8601051069525
1.0,2,1.0,False,False,True,0.9674552105870229,99.0,2037.266055465284,2027.5149534139146
1.0,2,1.0,True,False,False,0.9819545271175297,78.0,1443.203920821229,1371.0748427138562
1.0,1,2.0,False,False,True,0.9844610699555246,20.0,1544.541986709652,1260.1301332609914
4.0,8,7.0,False,False,True,1.0,100.0,4358.667352056271,4122.58165731627
1.0,1,0.0,False,False,True,1.0,95.0,1451.8221975620936,1359.256793930442
1.0,2,1.0,False,False,True,0.9959431162019374,99.0,1887.6021759445155,2836.432293613992
0.0,4,2.0,True,False,False,1.0,88.0,1950.1789942374671,1730.8120282169903
1.0,4,2.0,False,False,True,1.0,95.0,2014.68457810194,2182.186089978062
1.0,2,1.0,True,False,False,0.4889822563706023,94.0,1613.8585106565542,1639.828524123691
1.0,1,0.0,False,False,False,0.9998502222637037,97.0,1393.1299854381896,1441.906877738415
1.0,2,1.0,False,False,False,0.990201612274585,89.0,1937.6830130571022,1989.7585359940706
1.0,2,1.0,True,False,False,0.8565412800217109,86.0,1849.7913392857213,1842.2276049882246
1.0,3,2.0,False,False,False,0.9928477904820061,98.0,1792.1442370076156,1693.3772741484856
1.0,2,1.0,False,False,False,0.9490337046380333,96.0,1796.2137685902483,1786.9533546066282
1.0,3,1.0,False,False,False,0.9986020108098925,99.0,1847.6695880822695,1413.4355655936054
1.0,2,1.0,False,False,True,1.0,95.0,1649.4319085855948,1203.9939038809807
1.0,2,1.0,False,False,True,1.0,90.0,1718.7199342562897,1708.0707069569157
3.0,6,3.0,False,False,True,0.9975903941714408,91.0,3250.634887459015,1826.9880526920995
1.0,2,1.0,True,False,False,1.0,100.0,1896.3000091377646,3974.092320116747
3.0,6,3.0,False,False,True,1.0,93.0,3145.6324626958203,3475.4184084134276
1.0,2,1.0,False,False,True,1.0,60.0,1880.24288391369,2099.7770056044787
1.0,2,1.0,True,False,False,0.9966156421518518,100.0,1896.3000091377646,1508.051064858569
1.0,4,2.0,True,False,True,1.0,91.0,2066.80173035069,1334.979850149128
2.0,5,2.0,False,False,True,0.9394073197739965,80.0,3743.247067855078,5202.568457596574
1.0,4,2.0,True,False,False,0.9401060697883679,90.0,2252.971610532261,2353.9305732581397
2.0,3,2.0,False,False,False,0.9891015641497952,40.0,2098.1858250091746,2155.3667400168633
2.0,4,2.0,True,False,False,1.0,100.0,3321.0696899492186,3993.921692416268
1.0,1,0.0,True,False,False,1.0,100.0,1399.7077716412948,1271.3176339135837
1.0,1,1.0,False,False,True,0.8470502261136508,96.0,1854.344918130977,1272.5651564429425
1.0,2,1.0,False,False,False,0.0022036754883800365,100.0,2143.2797887412894,2287.8287334467104
1.0,2,1.0,False,False,True,1.0,100.0,1776.2079307938095,1788.080483419911
1.0,2,1.0,True,False,False,0.999653344302624,98.0,1568.4362119854654,1581.1335846727923
1.0,3,2.0,False,False,False,0.8072881863765964,80.0,2037.0244947046426,1981.3144900393863
1.0,2,1.0,True,False,False,1.0,85.0,1579.6675056111483,1183.2711352862182
1.0,2,1.0,True,False,True,0.899648564205953,94.0,1541.1875873316883,1440.8627236580955
1.0,2,1.0,False,False,True,0.9948917518113588,97.0,1862.6386171797844,5418.7355045696695
3.0,4,2.0,False,False,True,1.0,98.0,2498.2318080580126,2020.5208436201965
1.0,1,1.0,False,False,True,0.5046316209787882,97.0,1608.1648128802706,2021.5294363476692
1.0,1,1.0,False,False,False,0.886185673474697,92.0,1398.684834967236,1513.7377030132866
0.0,2,1.0,False,False,False,1.0,93.0,1930.4517667552736,1886.2567720658744
1.0,2,1.0,False,False,False,0.9884897529054226,100.0,1736.6114963843866,4103.59573162883
1.0,5,1.0,False,False,False,0.8903543206757083,90.0,2293.364607499576,2090.9863546559977
2.0,6,2.0,True,False,False,0.9934808996461436,94.0,3538.844515840346,1893.4781716424413
1.0,4,2.0,True,False,False,0.700448732356597,90.0,1975.1364144442878,1899.7728425349972
1.0,2,1.0,True,False,False,1.0,84.0,1531.372603844729,1456.0127084283479
0.0,4,2.0,True,False,False,0.9959105811075872,93.0,1981.7196600600657,2053.5555948714373
1.0,4,2.0,False,False,False,0.9963481738370626,98.0,2543.9426780171616,1780.299252768549
1.0,1,1.0,True,False,True,0.9749675634469832,95.0,1422.0295735348295,1638.6934909906727
2.0,5,4.0,False,False,False,1.0,96.0,2613.4346065920577,2177.420302391683
2.0,5,2.0,True,False,False,0.9714705649640034,80.0,3355.4728959036333,3082.5765375636365
2.0,5,2.0,False,False,True,0.49691322590325215,100.0,2747.5665570561646,2669.0392098026464
3.0,6,3.0,True,False,False,1.0,76.0,3347.9165943945527,2545.359854869182
1.0,2,1.0,False,False,False,1.0,100.0,1764.5249672301964,1558.5082062685892
2.0,4,3.0,False,False,False,1.0,100.0,3033.08560746258,3476.813861720615
1.0,5,1.0,True,False,False,0.9796575114048908,85.0,2067.5999085830804,2146.8364014126846
2.0,4,2.0,True,False,False,0.9875775076853087,95.0,2701.1582982765417,3016.6657547473737
1.0,4,1.0,True,False,False,1.0,100.0,2419.210594890838,2560.8940036804756
1.0,3,1.0,True,False,False,1.0,95.0,2292.8306753460524,2581.7269425251225
2.0,3,2.0,True,False,True,0.9885876378315527,100.0,2480.7619305528788,3213.151142888912
3.0,6,3.0,False,False,True,0.9961223821729348,93.0,3145.6324626958203,2434.03372611431
1.0,2,2.0,False,False,False,1.0,98.0,1794.371315714609,2165.731745658174
2.0,6,5.0,True,False,True,0.6554750160291231,85.0,2756.9816894810156,2609.2263970766157
1.0,1,1.0,False,False,False,0.9052169125958098,97.0,1426.4875872725274,1593.7867933292357
2.0,6,3.0,True,False,True,0.9732431535096376,91.0,2741.8899465645427,1888.85827671409
1.0,6,3.0,True,False,False,1.0,91.0,2174.442263920081,2001.685773130463
1.0,2,1.0,True,False,False,0.9900491503211216,100.0,1897.2857217305539,2154.0835789783846
1.0,16,16.0,False,False,True,0.9955240280948359,81.0,1389.392767917881,1215.9405981877715
2.0,6,3.0,False,False,True,0.7865188394793697,70.0,3567.2929762551653,3754.0874498946955
1.0,3,2.0,True,False,False,0.9444725215549225,86.0,2039.364732723967,1575.1371849203827
1.0,2,1.0,True,False,False,0.999920187956483,91.0,1679.2024309010058,1421.6963168407829
1.0,2,1.0,False,False,True,1.0,99.0,1887.6021759445155,1837.274725567411
1.0,1,1.0,False,False,False,0.9829982398738117,100.0,1380.3801258444983,1241.949467189617
1.0,2,1.0,False,False,False,1.0,98.0,1779.4483151325312,1384.3384765372803
1.0,2,1.0,False,False,False,0.9920982986914152,87.0,1946.1672074471612,1788.0302296131342
2.0,7,3.0,True,False,False,1.0,100.0,3112.846491109036,2300.5017526933225
3.0,7,6.0,False,False,False,1.0,95.0,4452.5090962790255,4464.981706339197
1.0,5,3.0,True,False,False,1.0,88.0,2166.2527813254474,2897.419166445948
1.0,1,1.0,False,False,True,0.9664538183270713,77.0,1377.6262296741936,1225.8848394778508
1.0,4,2.0,False,False,True,0.5112634753243498,91.0,2443.6279624137615,3184.607769778763
1.0,1,1.0,True,False,False,0.9984257866622659,87.0,1391.0396249703238,1641.338031979604
1.0,1,1.0,True,False,True,0.999987321465125,91.0,1397.9479254284097,1321.8173638415517
2.0,5,2.0,False,False,True,0.5060093838071172,100.0,2747.5665570561646,2428.8290475151975
1.0,3,1.0,True,False,False,1.0,94.0,2245.991935626208,1312.9311060788848
1.0,6,3.0,True,False,False,1.0,80.0,2194.040149002378,1783.630061575051
2.0,5,0.0,True,False,True,0.9776967957522698,82.0,3845.3391867475166,5117.0168251434525
1.0,2,1.0,False,False,False,1.0,92.0,1710.4207826393322,1307.3606122741105
1.0,2,1.0,True,False,False,0.8906102858355632,80.0,1754.7414025593282,1514.488396621476
1.0,0,1.0,True,False,False,0.9837753466910744,96.0,1327.668051426511,1167.7969248042345
1.0,2,1.0,True,False,True,0.9908620664841647,98.0,1624.1917769873942,1771.4614920364456
1.0,2,1.0,False,False,False,0.9787067294883077,100.0,1734.2458692323435,1896.4914511436984
1.0,2,1.0,True,False,False,0.9890976491981425,89.0,1522.7414019370956,1962.7127276437157
1.0,2,1.0,False,False,True,0.9985775157136021,97.0,1876.4311377970464,2316.5339908103433
1.0,2,2.0,False,False,True,1.0,96.0,1929.5240635621944,2638.0766360645985
3.0,8,5.0,True,False,False,1.0,88.0,3226.613234322257,2981.838056978956
1.0,2,1.0,True,False,True,1.0,92.0,1612.16311070318,1793.217277893824
1.0,1,0.0,False,False,True,0.9886489547878429,100.0,1551.8813407891944,1655.3838783701942
1.0,4,1.0,False,False,False,0.9917551469434649,100.0,3186.400843869401,7333.709485926336
0.0,3,1.0,True,False,True,0.8925307230662781,91.0,2112.613709043651,2177.9725602844487
4.0,9,5.0,False,False,False,0.9929387138781389,100.0,4453.880914385152,4080.4218969474286
1.0,2,1.0,False,False,True,0.996484631237514,98.0,1755.3743594978394,1919.0015496124342
0.0,2,1.0,False,False,False,0.9972398893828351,100.0,2076.802442442381,2299.402737863747
1.0,2,2.0,False,False,False,0.9966092162637316,93.0,1530.0155244575903,1529.5207372774478
1.0,2,1.0,False,False,True,0.9932867576973152,99.0,1882.4424872741363,1927.3671583066473
2.0,5,2.0,False,False,True,1.0,100.0,2699.7772244119774,2909.5679993058366
1.0,3,2.0,True,False,False,0.9968558521663322,80.0,2224.497018255932,3760.5311722417687
1.0,2,0.0,True,False,False,0.9840443275377777,94.0,1630.5305511002168,1260.306682889534
4.0,6,4.0,False,False,True,1.0,98.0,3711.5427843400034,4238.11207970181
1.0,2,1.0,False,False,True,0.9988323600221842,99.0,1887.6021759445155,1713.800711638262
1.0,2,1.0,True,False,False,0.9842037254744482,100.0,1865.4247350831376,9564.186582391394
1.0,2,1.0,True,False,False,0.9940869855330347,96.0,1600.8085547801963,1662.6719266367493
2.0,4,2.0,False,False,True,1.0,100.0,2595.6157932403407,2415.759534325806
1.0,1,1.0,False,False,False,0.988635500613393,97.0,1372.3058250194185,1598.2567231232358
1.0,1,1.0,False,False,False,0.9875782093027151,93.0,1298.2046348296446,1398.762010448763
1.0,6,4.0,False,False,False,0.9667511637800826,60.0,1901.3411260567768,1665.8022485008817
5.0,14,8.0,False,False,True,0.9862293226981196,93.0,6073.660332821151,8080.992384434384
2.0,4,2.0,False,False,True,1.0,80.0,2631.817966254534,2031.02144305143
2.0,4,2.0,False,False,False,1.0,95.0,2651.7591009017333,2539.8249426608154
1.0,3,1.0,True,False,False,1.0,90.0,2225.2943247786566,2011.2802530585388
1.0,2,1.0,True,False,False,0.8534669762850167,82.0,2031.363824880519,1902.0247307696902
1.0,2,1.0,False,False,True,0.9931488402035727,93.0,1718.4039765084958,1718.9165017326698
1.0,2,1.0,False,False,False,1.0,100.0,1764.5249672301964,1660.0425707612067
3.0,8,4.0,True,False,True,0.9991439195107188,100.0,3704.844745254214,2174.2236582431847
1.0,4,3.0,False,False,True,1.0,91.0,2255.8079921530825,2110.2100174819448
1.0,2,2.0,False,False,True,0.9905397017364904,97.0,1774.9911188945682,1569.3285126141134
1.0,1,1.0,False,False,True,1.0,96.0,1354.1167548818175,1316.687394577741
2.0,6,3.0,False,False,True,0.998794918032341,91.0,3080.523812521074,1830.2298969221893
1.0,2,1.0,False,False,True,1.0,98.0,1755.3743594978394,1321.3780986025788
1.0,2,1.0,False,False,True,0.9991492682517487,94.0,1693.4172830847233,1780.0480953733613
1.0,3,1.0,False,False,False,0.9672279688465831,93.0,2076.396337912737,1789.5075060902577
1.0,3,1.0,False,False,False,1.0,100.0,2226.0583619088607,1761.6452116646185
1.0,2,1.0,True,False,False,0.9759390887110844,87.0,1609.424263360862,1316.498261377571
2.0,5,2.0,False,False,True,0.9841131186962241,93.0,2958.964563837392,3336.7860488628658
0.0,2,1.0,True,False,False,0.9812602992431756,88.0,2040.0831069355438,2869.94780489399
2.0,6,2.0,True,False,True,1.0,88.0,2925.5694702771475,1909.8211341128751
1.0,2,1.0,False,False,True,0.9955278218527115,93.0,1731.63260678378,1517.8018303562174
0.0,4,2.0,True,False,True,0.9827090082256795,92.0,2291.320087703981,1927.4199529405869
1.0,4,2.0,True,False,True,1.0,67.0,2690.2218573013442,2933.1693723821722
2.0,4,3.0,False,False,True,0.7990612544502664,98.0,2493.098941647814,2690.8965371796007
6.0,8,6.0,False,False,False,0.9950038640677726,100.0,5434.8148138471615,5445.584282730802
1.0,2,1.0,True,False,False,0.4324680931818085,100.0,1825.5294417146652,1847.0975588446652
2.0,5,2.0,True,False,False,1.0,100.0,3217.4089406066028,3053.9815048390096
0.0,2,1.0,False,False,False,0.9828459071868514,80.0,2246.2584851270494,2813.1174152581684
2.0,4,3.0,False,False,True,1.0,97.0,2365.9177243527583,4246.91244349072
1.0,2,1.0,True,False,False,0.9991528956713714,95.0,1626.4772995506373,1481.7050467786162
1.0,2,1.0,False,False,False,0.8915773520761168,94.0,1708.4989616903504,1262.7467775985087
2.0,4,2.0,True,False,True,1.0,98.0,2518.108117554329,2808.055155020473
1.0,2,1.0,True,False,False,0.9973170182294194,90.0,1697.5701643100242,1832.4654035581245
1.0,2,1.0,False,False,False,1.0,96.0,1725.024379624804,1300.156922989659
2.0,6,2.0,False,False,False,0.984263704289582,96.0,4156.217425398744,2236.444268773082
1.0,4,1.0,True,False,False,1.0,93.0,2355.5103418886497,2138.703102602405
2.0,6,2.0,True,False,True,1.0,80.0,4202.130602126117,4514.827497887293
2.0,6,5.0,True,False,False,0.9951015805799359,98.0,2562.034755125786,2162.3395323046775
1.0,2,1.0,False,False,False,0.999045273557139,100.0,1764.5249672301964,1575.141847863064
1.0,5,2.0,False,False,True,0.9688849461929887,80.0,2484.382893454133,2675.3635425197276
1.0,4,3.0,True,False,False,0.9574968641704068,85.0,1888.379385192526,1722.5570760352143
0.0,2,1.0,True,False,True,1.0,87.0,1963.4271520479303,1611.9484195602397
1.0,4,3.0,True,False,False,0.9927043698426239,93.0,1963.62363942504,1906.0076827102123
1.0,2,1.0,False,False,True,0.9822317433842398,99.0,1999.0505172786745,2019.7976010906016
1.0,2,1.0,False,False,False,0.9888822170086555,100.0,1736.6114963843866,1223.6958182234478
1.0,2,1.0,False,False,True,0.9903362090620793,95.0,1647.9853765317052,1336.6363805052215
0.0,2,2.0,True,False,False,0.9477458049773173,50.0,2236.9365894292623,1590.4443114431363
0.0,2,0.0,True,False,False,1.0,100.0,1817.4471437035438,1365.2885021861441
1.0,2,1.0,False,False,True,0.991283978018427,88.0,1486.8510474913996,1168.0808146800123
2.0,5,2.0,True,False,False,0.8441223409502884,91.0,2785.6652996524685,2842.0424810171994
1.0,2,1.0,False,False,False,1.0,96.0,1725.024379624804,1636.617260051436
1.0,2,1.0,False,False,True,1.0,98.0,1755.3743594978394,1337.955206371645
2.0,4,1.0,False,False,False,0.8488193957201817,60.0,2407.0159653689084,2582.9923529546454
1.0,2,1.0,True,False,False,1.0,99.0,1678.157792337133,1468.508490119219
1.0,2,1.0,True,False,False,0.9991937119155019,99.0,1678.157792337133,1992.1198261577576
1.0,2,1.0,False,False,True,1.0,100.0,1776.2079307938095,1412.123914956148
2.0,4,2.0,False,False,False,0.9383669204499849,100.0,3812.0489935773408,2577.649109354284
3.0,5,3.0,False,False,False,1.0,100.0,3752.2677585031024,2516.8848878875033
1.0,1,1.0,False,False,True,0.988403793884602,97.0,1361.8807538416565,1245.5249265108007
1.0,4,1.0,False,False,True,0.9974454956861848,98.0,2183.069913053246,1915.128086075342
1.0,5,3.0,False,False,True,0.6621645977789912,84.0,2280.2719417343947,1763.6286678682015
3.0,6,2.0,False,False,False,0.9760739185180274,88.0,3340.3543099640774,2664.9178563210157
1.0,2,1.0,True,False,False,0.9995393859587554,91.0,1679.2024309010058,1718.195250646581
3.0,8,4.0,True,False,False,0.9960645368012682,100.0,3558.5262980542807,3577.4447755750107
1.0,16,16.0,False,False,True,1.0,85.0,1438.5193896110025,1204.278140351575
0.0,4,2.0,True,False,False,1.0,85.0,1854.9102528707144,1774.5876845151258
2.0,7,3.0,False,False,True,0.9873028381930696,89.0,3414.6971356380245,3195.0217181537405
2.0,4,2.0,False,False,False,1.0,87.0,2497.5377895590254,1579.7421242564747
1.0,4,2.0,True,False,False,0.8004056454809536,100.0,2153.485175373813,2281.9386114487306
1.0,1,1.0,False,False,True,0.896572893785201,93.0,1452.2381517632252,1186.5305268507582
2.0,6,2.0,True,False,False,1.0,97.0,3158.6452757137745,3180.0467186730225
1.0,4,3.0,True,False,False,1.0,93.0,2029.6917447965914,1324.211600761212
2.0,5,3.0,False,False,True,0.9316948770172245,60.0,3606.6324762855797,4616.581964079049
3.0,6,3.0,False,False,True,0.9959791852487593,97.0,3874.5323023301967,2475.8221936600407
1.0,4,1.0,False,False,True,0.49924490027433194,100.0,2197.3115732765423,1861.4671597918136
1.0,4,1.0,False,False,False,1.0,80.0,2464.6757807749314,2833.1615894308898
0.0,2,1.0,False,False,True,0.982233023395522,82.0,1971.737516603932,2684.3616859090953
1.0,2,1.0,False,False,True,1.0,75.0,1759.1004847056283,1850.3607491714392
1.0,4,1.0,False,False,True,1.0,98.0,2183.069913053246,2380.454217769144
1.0,4,1.0,True,False,True,1.0,92.0,2399.877122500407,2707.5456861978505
2.0,4,2.0,False,False,True,0.9293600638343444,100.0,2582.4342574931143,1650.1568926776627
1.0,2,1.0,False,False,True,1.0,100.0,1776.2079307938095,1395.4791336436492
1.0,4,1.0,False,False,True,1.0,90.0,2136.3636259346963,1913.3165410018103
1.0,1,1.0,False,False,True,0.5006354005050234,60.0,1781.1965627163847,1137.5208070051265
2.0,6,3.0,False,False,False,0.9861822975751644,100.0,3452.7502304750024,4729.194721039683
3.0,3,3.0,False,False,True,0.36439501842125643,72.0,2617.934204014941,2922.1026145196415
0.0,2,1.0,False,False,False,1.0,92.0,1920.9771973124105,2041.3883313996967
1.0,2,1.0,True,False,False,0.9929824955786921,84.0,1518.456319919197,1814.6038722315902
2.0,6,3.0,True,False,False,0.9828281086663962,88.0,2991.418553252954,2992.410109933331
1.0,3,1.0,False,False,True,0.98420634300637,95.0,1859.9180182387572,1523.6733120363353
1.0,2,1.0,True,False,True,0.9953001742666999,87.0,1765.7242179479222,2907.5604331169743
2.0,4,2.0,False,False,False,0.9419492957381097,100.0,3812.0489935773408,8019.3866185466195
1.0,2,1.0,True,False,True,1.0,96.0,1693.2822846478566,1595.2937243012384
1.0,2,1.0,True,False,False,1.0,100.0,1896.3000091377646,1517.0255540080566
2.0,4,2.0,False,False,False,0.9961859546952858,87.0,2497.5377895590254,2397.779748331422
1.0,2,1.0,True,False,False,0.853799495576728,80.0,3199.2338666980686,5501.327136746909
1.0,4,2.0,True,False,False,1.0,80.0,2476.5249514238126,1828.4442383018438
1.0,1,1.0,True,False,True,1.0,95.0,1479.4791732166968,1646.044954684603
1.0,3,2.0,False,False,False,0.9996005788641613,95.0,1668.3265789992922,1774.2056639297562
1.0,2,1.0,False,False,True,0.8103619775101212,100.0,1938.7251393832817,2114.1751486945104
2.0,6,2.0,False,False,False,0.9582445180022748,91.0,3156.841632084296,2441.8011249770243
1.0,4,3.0,True,False,False,0.9808270000363857,85.0,1699.101378811315,1454.8130725249587
1.0,2,2.0,True,False,True,0.998807756437341,80.0,1738.7508654609771,2144.969257561032
1.0,2,2.0,False,False,False,1.0,93.0,1530.0155244575903,1500.1962521637893
1.0,1,1.0,False,False,False,0.9928652568189296,98.0,1306.2645217735758,1105.0512726098734
1.0,2,1.0,True,False,True,0.984933871708566,100.0,1958.0972900578893,2670.874919046194
2.0,4,4.0,True,False,True,0.88487702008316,86.0,2363.720976894069,1625.015235523156
2.0,5,3.0,True,False,False,0.9920362552491049,72.0,2729.931834179474,2910.6066189072994
2.0,4,4.0,True,False,False,1.0,91.0,2736.5182375462537,1646.9596031849294
2.0,4,2.0,True,False,False,0.9957720114539014,100.0,3321.0696899492186,1962.3858686326012
1.0,1,1.0,True,False,True,1.0,98.0,1359.4229276429662,1192.7669706089412
2.0,3,2.0,False,False,True,0.9950470392911893,98.0,2145.566783934803,2098.9216861687437
2.0,4,2.0,True,False,False,0.9951264263401604,100.0,3321.0696899492186,2313.3861874070085
1.0,1,1.0,True,False,False,0.9897453632548885,100.0,1441.5305680737672,1208.2467440621115
2.0,4,2.0,False,False,True,0.9990810437458432,95.0,2763.8194367707374,2540.9459065340657
1.0,1,1.0,False,False,False,0.0,100.0,1631.5788577364228,1135.401220627331
1.0,3,1.0,False,False,True,0.5041266502318182,90.0,2056.3403687213427,1906.0611207681918
2.0,7,5.0,True,False,True,1.0,87.0,3521.3426603758808,4229.848561048732
0.0,2,2.0,True,False,False,0.9380285261904158,100.0,2234.021870198632,2410.9816033884817
1.0,1,1.0,False,False,False,0.9849391115493983,100.0,1380.3801258444983,1207.9457985767426
3.0,8,4.0,True,False,True,1.0,84.0,3061.4490206612277,1787.374122418714
1.0,5,4.0,False,False,False,0.9991495566096198,80.0,2316.9581309730042,3128.7658730960216
1.0,1,1.0,False,False,True,1.0,96.0,1354.1167548818175,1257.4422511258604
2.0,6,2.0,False,False,True,1.0,94.0,3495.386745604378,3565.380449573993
1.0,3,2.0,True,False,True,0.9990822212659595,87.0,1916.1458430312066,1920.409417720879
1.0,1,1.0,False,False,True,1.0,91.0,1377.0436510045467,1161.3066916116102
1.0,2,2.0,True,False,True,0.8599769421262917,91.0,1696.5867605507076,1248.506396263492
0.0,2,2.0,False,False,True,0.9998835445116585,99.0,1989.3572307691622,1589.872248565091
2.0,4,1.0,True,False,False,1.0,86.0,2635.41846676976,1946.6068069080525
1.0,2,1.0,True,False,False,1.0,98.0,1568.4362119854654,1529.5404056004224
1.0,3,3.0,True,False,False,1.0,89.0,1563.0957133190814,1636.787490640308
1.0,2,1.0,False,False,True,1.0,94.0,1693.4172830847233,1627.35375436675
1.0,2,4.0,True,False,False,1.0,100.0,1687.9820286912814,1396.5949294275454
1.0,1,1.0,True,False,False,0.9784672392795637,85.0,1275.8149811457797,1395.5520235448907
1.0,2,1.0,False,False,False,0.8904825552670829,85.0,1829.5189707564218,2146.054119469211
2.0,2,1.0,True,False,True,1.0,79.0,1896.0598480433428,1545.3684817947533
3.0,6,4.0,False,False,False,1.0,100.0,4077.3056052755946,2668.7151844448563
1.0,1,1.0,True,False,True,1.0,96.0,1323.0364909396485,1206.5362489262327
1.0,2,1.0,True,False,False,0.9983316208859524,85.0,1579.6675056111483,1530.951533453715
1.0,1,1.0,True,False,False,0.9881097794077401,100.0,1441.5305680737672,1851.933460018178
1.0,1,1.0,False,False,False,1.0,95.0,1364.3994377086751,1205.486122329888
1.0,4,2.0,False,False,True,0.9917678974852591,100.0,2117.3455636426033,3485.4283950816653
6.0,1,1.0,True,False,True,1.0,91.0,1771.7800275042928,1639.7850809019915
1.0,3,2.0,False,False,False,0.9869929823024586,94.0,1857.1833852078528,1583.1663495781763
1.0,2,1.0,True,False,False,0.8578465131517172,90.0,1519.0340664739838,1506.9736919396817
2.0,4,2.0,False,False,False,1.0,100.0,3006.727613570578,3397.4856704578206
1.0,2,1.0,True,False,True,0.997503058275332,97.0,1757.674079583416,1462.030647874353
1.0,3,1.0,False,False,True,0.9963155012463397,94.0,1911.268446105725,1503.5774025970547
2.0,4,2.0,True,False,True,1.0,95.0,2618.1296819255285,1968.2966199309913
1.0,4,1.0,True,False,False,0.8566399710756507,100.0,2280.5573009655413,1926.6673810877467
1.0,1,1.0,False,False,True,0.9347585309295398,79.0,1487.0712870960556,1230.089234598153
2.0,4,2.0,False,False,True,0.8871423648269393,100.0,2387.070019748005,2279.188826857121
2.0,4,2.0,False,False,True,0.995777900743822,100.0,2595.6157932403407,2424.4338631264072
2.0,8,5.0,False,False,False,0.6570648476058146,90.0,3085.7779982728784,2542.5019259809415
2.0,6,1.0,True,False,False,0.8811818301715071,92.0,2846.912793394729,2570.0021376374716
3.0,6,3.0,True,False,True,1.0,96.0,3396.0727830707992,4474.436355350888
3.0,8,4.0,False,False,True,0.9637899171542366,84.0,4230.0449890160835,2829.2951575839256
2.0,4,2.0,False,False,True,0.9930217071174611,100.0,2585.0288645392034,1888.8877022380727
1.0,2,1.0,False,False,True,0.9853758530704381,67.0,1761.5950697675914,1833.8900304269036
4.0,7,4.0,False,False,True,1.0,100.0,4497.582153118781,5401.7333589430555
2.0,5,2.0,False,False,True,1.0,100.0,2699.7772244119774,5367.808064119261
1.0,4,2.0,False,False,True,0.9909238646676691,90.0,2029.3646951735846,2102.3804231465506
1.0,1,1.0,False,False,False,1.0,94.0,1349.7479664302407,1376.7012303904378
0.0,1,1.0,True,False,False,1.0,98.0,1507.3760719758934,1636.4628363949357
1.0,0,1.0,False,False,True,0.9835976413333652,98.0,1529.0815108392887,1455.0304786938175
2.0,6,4.0,True,False,True,0.9945218476327341,100.0,3584.0471784196748,5141.595567047938
2.0,4,3.0,True,False,False,1.0,90.0,2747.609196681112,1224.9217526693176
1.0,1,1.0,True,False,True,0.9829563329170373,100.0,1516.960219698748,1282.8206874705306
1.0,3,1.0,False,False,True,0.9492609399502835,89.0,1937.8942132964396,1394.7889097301254
1.0,4,1.0,False,False,False,0.9823875742136335,95.0,2407.894551777403,2639.825779953834
0.0,2,1.0,True,False,False,1.0,90.0,1857.4445179682166,1638.0067747221876
1.0,5,3.0,True,False,False,0.9951533274126656,87.0,2094.0897095318815,1900.4083169250443
2.0,2,1.0,False,False,True,0.9938004430268638,100.0,1941.4669772094326,1963.1743466594237
2.0,4,2.0,False,False,False,0.9941437816483427,87.0,2496.298668834261,2290.217195328472
1.0,1,1.0,True,False,False,0.9857587758834206,99.0,1297.675085262066,1083.6225622113425
1.0,2,1.0,False,False,False,0.995435968171599,93.0,1753.8672363887533,1589.9874793861475
1.0,2,1.0,False,False,True,0.9817960195192816,98.0,1888.6124667091242,2028.7753806332016
2.0,4,2.0,False,False,False,1.0,94.0,3044.858218376733,3861.501446309404
1.0,4,2.0,True,False,False,1.0,93.0,2082.1049976325367,2172.7206920013177
1.0,1,1.0,False,False,False,0.9767393628661083,96.0,1369.4781896648408,1218.7499296870476
3.0,5,3.0,False,False,True,0.9953087034067591,91.0,3171.4942666788,4094.9150213211656
2.0,4,2.0,True,False,False,0.995959885693652,96.0,2608.385958548119,1667.7121341199713
1.0,1,1.0,False,False,True,0.9982551549338298,100.0,1438.7064855464273,1529.6446817772207
2.0,4,2.0,True,False,False,1.0,100.0,3321.0696899492186,2758.319304654446
1.0,2,2.0,True,False,False,0.9153378921780607,91.0,1421.4669911854799,1227.9534901437264
1.0,3,2.0,True,False,True,0.9991174853726871,94.0,1892.4087943052236,1642.16415759066
1.0,3,1.0,False,False,True,0.8897905496380139,86.0,1959.4320817165515,1699.1963797203352
1.0,3,2.0,True,False,False,0.9988870709239469,99.0,1828.3612352650625,1190.3501170145087
2.0,3,2.0,True,False,False,1.0,100.0,3287.9310957881003,3473.9118983662943
1.0,2,1.0,True,False,True,0.9850198765738883,84.0,1758.11489257872,2150.3622706627884
