Date,Activity ID,Type,Distance (km),Duration,Average Speed (km/h),Calories Burned,Climb (m),Average Heart rate (tpm),Quality
2022-02-15,2e420d1d-5c6d-4738-a43e-21822e354604,Running,23.76,1496,0.99,763,185,102,66.43
2021-07-04,e7526931-777d-465c-96cb-d3752adf8a29,Running,23.25,1423,1.01,1385,47,79,37.94
2022-07-02,7e92bf38-bb62-4336-8cfb-9eb9aa5c85a6,Walking,11.23,1995,0.34,930,61,109,34.38
2020-12-16,c10dc2fd-e894-45f8-9834-5cf69d36772b,Running,8.72,900,0.58,1002,105,78,40.56
2022-07-29,683fed65-edcd-449f-8f27-5f4d2232dd50,Running,2.47,1730,0.09,1185,410,99,269.37
2021-08-28,594f8669-4ab3-455f-8f6f-903bd397d27d,Running,15.16,1890,0.49,1351,90,69,109.04
2022-08-14,0b170a77-f626-4ce4-a7c0-3738e830bfc4,Other,8.06,1691,0.29,1311,354,100,257.97
2021-03-20,b5ac92bb-f799-4feb-811c-0c4b56286ea7,Running,9.36,1355,0.43,789,466,123,130.14
2022-08-12,fdcf74cf-6647-4747-a272-706de4d88b42,Cycling,20.0,508,2.5,534,263,106,21.2
2020-11-09,6ce9661b-1dc2-459b-b4a5-fa8aa8d6c646,Cycling,13.68,3253,0.25,957,101,95,111.35
2022-06-19,f2227242-4a7a-4b0e-930f-093fe3632131,Other,9.53,1825,0.32,551,36,115,10.27
2020-12-03,f9eaffb4-121b-473d-982c-4f3a4f9f4a37,Other,15.22,882,1.09,1099,306,135,69.57
2021-05-21,74a4d84f-6853-47dc-b84e-65eba96c6fa1,Cycling,6.03,1792,0.21,620,286,76,133.99
2021-10-19,c4fad150-918c-48ac-8783-a68369113b4b,Cycling,2.14,3233,0.04,906,336,103,316.24
2022-03-25,7a7f7cb3-c619-47bd-9f8c-eeddb956e840,Running,16.45,497,2.06,1391,76,109,15.49
2020-10-05,08259636-babf-4c75-95ee-859a2093f466,Other,22.35,3163,0.43,1237,260,103,324.6
2021-12-26,16f36b50-40b0-41ef-9c96-b9069acf1036,Other,4.69,2599,0.11,570,104,132,38.3
2021-05-13,a863cbbf-0821-4f95-aca5-1317fb9be1d7,Other,21.51,889,1.54,1470,386,101,156.94
2021-03-01,df45f84c-ac61-40f0-b4be-73d0501fa734,Walking,20.79,2088,0.61,1272,188,91,179.13
2022-01-02,69785e6d-2501-44e0-84b3-04d71921fa5a,Cycling,29.29,2996,0.6,685,426,143,199.23
2022-04-30,af60c4d6-dbb7-46c3-9e83-d0c7cd6ed185,Other,19.03,2067,0.56,996,444,130,231.2
2022-04-02,123affab-4b24-43b1-804b-41920dd03464,Other,20.1,408,3.35,660,143,150,7.55
2021-01-07,1536831b-e58d-4c11-99fa-e944df598104,Running,13.6,1313,0.65,1127,382,99,181.97
2021-08-29,6cda5e64-32be-4603-9361-fcda77ebe2c3,Running,7.86,391,1.31,988,371,140,31.42
2021-03-22,9275f2e3-5f24-42dc-893c-d62168727f99,Other,14.36,3125,0.28,949,441,76,564.83
2021-03-30,e67b168a-9917-473f-9e77-cecb1cf24f1c,Walking,22.71,3278,0.42,1284,347,126,382.4
2022-02-23,b1eac981-351e-40b7-bc20-90935ffaf663,Other,17.99,2360,0.46,1419,156,76,227.82
2022-02-11,4a77ef46-9dca-4419-94de-69ebee90080e,Other,26.06,899,1.86,649,401,63,115.76
2022-03-10,a9789863-3680-4ed9-aff2-9bf31bae3ea9,Other,3.87,2283,0.1,595,114,101,51.98
2021-01-26,cd44d3d6-5138-44a0-bd84-37d80a2a5e9e,Running,29.38,2681,0.67,829,86,131,47.73
2021-11-09,ea0d0522-ce1f-4aa3-a263-b9396a5e8e88,Cycling,15.08,276,3.77,1306,286,85,35.15
2022-01-12,f069bf8c-0bf2-41cd-8249-4a5e5ceb5a5e,Running,5.8,3183,0.11,1333,302,64,663.32
2021-02-14,3e3c34b6-ca96-4bb5-83da-99e7b29be168,Other,11.46,3537,0.2,680,487,144,263.55
2021-12-17,686bf630-3574-43f3-9bdf-c508364cdba8,Other,7.53,3150,0.14,786,123,148,70.27
2021-10-03,c76b41c2-68da-496b-b2b8-a691245d1e18,Walking,19.35,1184,1.02,593,334,149,50.43
2021-07-15,b4903695-8aa2-4c0b-9327-9b0bbd0732a3,Walking,11.73,2684,0.27,1244,154,96,173.39
2022-04-01,c2327b0a-abbf-443f-b38a-5b8d6cf115c5,Cycling,15.73,423,2.25,962,395,137,38.78
2020-12-11,8026b2bd-0ffd-461a-a77a-4117cbac71f0,Other,17.27,3052,0.35,622,55,150,22.51
2021-07-12,192b25d1-f958-4fea-b287-0b87f3477135,Cycling,7.87,3595,0.13,1168,262,148,250.35
2021-09-24,212aaa4f-072c-43ee-908a-3d49d0db18c0,Cycling,18.62,585,2.07,1059,226,93,46.3
2022-07-24,06616d8b-bb06-408d-be10-79a9d86eb3d2,Running,29.63,2968,0.6,1221,212,103,248.21
2021-08-10,78946fd3-1a43-410f-a20d-817a8782023a,Other,2.28,1451,0.1,1113,318,69,233.9
2021-03-13,e8612b1c-96d4-43f9-b71f-dabc07d1a124,Other,8.99,278,2.25,1468,232,105,25.92
2021-05-18,359b8b99-2ec8-42d6-9c85-98a04fb74154,Running,26.45,156,13.23,784,240,116,6.49
2020-12-26,848c50a6-f310-4335-a464-903924c880ab,Walking,3.92,1248,0.2,504,375,133,55.71
2021-07-26,264d917d-fa9f-4195-b9a0-e3581a6b18be,Other,26.89,2628,0.63,551,377,112,158.33
2022-07-10,0c79e3ec-d6e0-4f06-bab6-b689b72b3daf,Running,23.21,3590,0.39,1097,226,73,404.23
2022-03-08,2822de40-9c65-48c7-9f84-d19a3e88fdb3,Other,25.05,900,1.67,1129,218,87,84.87
2021-01-28,6289a1dd-b3e3-4895-a120-03e0c670e3ba,Running,19.18,2461,0.47,1397,7,147,5.43
2021-01-23,a1880f18-a91d-4443-8970-2a19dbd0f67f,Cycling,5.56,2623,0.13,936,402,133,242.0
2021-04-19,a0baf257-4039-4a96-928f-b1381b984c17,Cycling,20.08,2218,0.56,880,482,115,264.51
2021-01-13,7d5f537a-b541-4a18-a34b-5e20f14db610,Running,26.49,1070,1.56,570,207,83,48.28
2022-04-10,2467258d-45ea-488d-baf0-15e29c356d0f,Running,24.27,2706,0.54,1182,163,82,211.2
2021-08-04,8d95cd7b-9ba4-4df9-9b6e-853244130ff6,Walking,14.11,2802,0.31,1241,34,70,54.87
2021-10-04,85507491-e06e-481f-9d19-581e8b6b8237,Running,7.79,2859,0.17,822,361,134,202.95
2021-07-06,a4a3875b-4026-45ec-af9a-ebee5fc80507,Other,29.76,1392,1.29,963,35,116,13.41
2022-02-25,493df446-b454-4ac3-aad1-fce289162fb0,Cycling,13.8,2463,0.34,727,488,103,279.61
2022-04-20,10572bbe-95c1-4823-a4cb-31b3c263bfbb,Cycling,6.55,3051,0.13,1388,269,140,268.75
2021-11-11,409b0361-9bc7-4d09-a557-4e443fabf21c,Walking,3.97,1815,0.13,754,388,69,258.96
2020-10-21,fe4640cb-7402-49e2-a7a8-51d4074bdc89,Running,21.73,2623,0.51,573,134,82,79.79
2021-01-15,1433fd8b-c159-4f51-b035-eee6c9707403,Walking,22.33,1499,0.93,1040,113,130,43.41
2021-10-20,3396d886-ef36-4dad-b97c-7c942e2dfd57,Cycling,13.64,557,1.52,898,147,113,20.97
2020-11-04,b0651dfd-43c1-4d82-a12b-4a53ee17fbad,Walking,22.13,2643,0.5,551,346,87,193.98
2022-08-06,1b11bde5-5410-4484-8b7a-4752328e8c20,Cycling,14.16,2270,0.38,1018,112,94,90.4
2021-12-09,01491bef-4247-4d70-989a-2ca87c39ded2,Other,29.91,2596,0.7,1152,141,92,150.88
2020-12-14,e8cfc4b8-f6ba-4716-9b19-1682181431cf,Cycling,6.91,2213,0.19,922,346,78,297.49
2021-03-09,4740ccdb-0270-4817-90bd-c5749a745935,Running,20.38,1239,1.02,1426,339,79,244.53
2022-06-15,4cbfdb15-b679-4cc8-aa84-7f11125ff17d,Walking,25.48,387,4.25,1385,19,142,2.22
2021-03-26,45565d33-311b-466e-bebc-5e31782f87f0,Running,12.01,1785,0.41,682,129,92,56.02
2022-07-18,bf3b96f4-2258-420c-9eac-a881178887c0,Other,6.49,256,1.62,1178,394,71,52.38
2021-12-13,986562f1-08ad-4f5c-8253-7d747829f139,Walking,19.43,1294,0.93,982,402,135,122.19
2021-07-13,ec76f0ba-d253-4f45-91bf-65e88ddb97b0,Walking,24.56,1158,1.29,768,266,113,68.84
2021-03-16,a96ca3bc-8054-4cf2-a1c3-d5c5773e2243,Cycling,23.79,3534,0.41,888,451,96,484.13
2020-08-05,911f8ffa-1fd3-4c8b-9fa8-71d9b4fad878,Running,2.16,2328,0.06,816,36,138,15.33
2021-06-04,d34266c9-9ffc-44c9-8d61-9d6d9b5b718d,Running,8.09,2811,0.18,1427,387,125,397.13
2022-03-28,6a4bd1d4-62bd-43a2-b6ec-e1438d4b5087,Running,26.03,968,1.63,902,402,102,113.54
2021-09-08,7be471f1-404a-45b7-bf59-90bf3cd1b6ce,Other,16.44,2169,0.46,502,241,122,70.88
2020-08-21,d813634d-b0e7-46a9-9cd2-1841c27d62e7,Running,25.29,2764,0.55,826,390,149,198.83
2020-08-29,687dee1d-2529-4fe6-935d-a3e8ded2e524,Walking,16.66,977,1.04,692,256,67,84.71
2022-07-04,812436ea-863e-4b9d-ac3e-b74102f52660,Walking,4.69,1318,0.22,1259,12,90,7.16
2022-02-23,b8231844-1210-486c-9b7d-d33e0531fd8d,Other,10.64,257,2.66,515,426,120,14.63
2022-05-03,12e95d37-419a-459a-b9f5-e309381f5431,Walking,25.03,1833,0.83,1378,167,130,106.77
2021-06-18,3d691761-fc5c-4fe5-a96b-6881c61aa8df,Running,10.19,2778,0.22,527,288,126,111.59
2020-08-17,bc0064b3-c3a4-409c-b4d6-049cf8264721,Cycling,29.48,2835,0.63,1025,30,103,27.94
2020-12-05,0fb56277-efd6-4cc2-9c7a-71457a8f0642,Other,8.46,752,0.71,544,60,96,8.1
2022-01-15,60bb9adf-f8df-4339-83e5-de65c80bc28e,Running,5.07,2244,0.14,824,422,90,279.84
2021-06-14,d627faa2-af1e-4f65-809f-15088cc33def,Other,8.96,1375,0.41,632,401,141,78.56
2021-09-12,65f3d4de-2fbd-4575-8bed-a5d05c8fa2b1,Walking,7.94,835,0.61,1016,170,80,56.2
2021-05-06,03ddc101-4cdc-4ab2-b2df-c2ec6d61b2b6,Other,26.02,1476,1.08,1252,58,150,23.33
2021-05-30,857c0aab-d37d-41e2-88d2-fb80428ab6a3,Walking,13.49,420,1.93,1306,140,103,24.82
2021-11-25,3e283e29-035a-495a-99eb-75473eb8275a,Running,12.66,1965,0.4,772,162,62,127.69
2021-03-12,f379b35c-5556-4ae1-9add-5c8399e71b18,Walking,5.26,3378,0.09,695,54,113,38.82
2022-08-29,6ff0b4b1-b2c1-4bed-b8c8-e92c1c44a74d,Other,18.95,2200,0.53,1465,431,72,627.11
2021-02-25,e31f73f1-33d3-4e1e-ae40-2bbf05f42119,Walking,25.6,2593,0.6,1198,425,145,299.64
2020-10-03,53fe742b-26ce-4d04-b89a-408af808a556,Running,12.35,311,2.47,1094,460,148,34.0
2022-01-13,899f08f4-9360-45a7-bbda-d9474ccef964,Walking,24.91,2861,0.53,531,487,93,261.38
2021-10-28,ade6be02-8b07-4e97-a5cc-a4c8da9ba924,Running,19.09,3594,0.32,614,275,78,258.28
2020-08-20,f613e60e-8255-4454-aabc-43d0db0de142,Walking,25.65,3283,0.48,1157,476,94,626.16
2022-05-31,08953dd5-8cd1-4a0d-bf88-be7e959eea1c,Other,14.55,2625,0.34,1442,161,131,151.68
2021-01-19,8939c23f-6654-4f5d-b9b7-cf5c12d03475,Other,26.4,1140,1.39,861,262,88,97.37
2021-03-25,2a768c76-20ab-4009-badc-36c2cbe6338e,Cycling,26.51,1822,0.88,1453,421,126,292.51
2022-05-04,f22fa18b-5c34-47d2-b335-bc7e43694aac,Cycling,12.2,148,6.1,1007,290,128,9.13
2021-06-11,093536ef-5319-4960-ab0b-2f9ddbdb69ba,Cycling,16.69,1979,0.52,567,188,137,49.95
2021-10-09,70ec3625-cde4-41c4-b418-654174144685,Cycling,19.41,1166,1.02,1070,25,93,10.95
2022-03-18,a2946358-58fc-4abb-90e8-aeadbc142755,Other,3.18,3361,0.06,1389,223,130,252.56
2020-10-06,4eb4fb32-0e6a-4c44-84d1-2ccf39cc60c9,Running,25.0,69,25.0,972,114,99,2.24
2020-08-04,8d735a5f-d3dc-4af6-8f05-0d2c74d95c32,Walking,19.55,433,2.79,959,281,129,29.28
2021-04-12,84553208-6ecd-4008-95ba-e189741dabcd,Walking,13.85,354,2.77,974,208,72,28.14
2022-02-12,09e16a45-13f3-4d06-8ce8-fc7a8b6ff63b,Cycling,10.94,2737,0.24,1295,473,129,432.89
2022-03-05,f52267ce-807e-4856-a4c1-d2bea6c7b186,Walking,10.97,75,10.97,1457,19,122,0.45
2021-03-28,4087c93e-b471-44b3-a662-82c1b11df97a,Walking,9.51,3377,0.17,1031,202,126,184.93
2021-05-15,03916111-0827-42da-b1b5-cc6d7a89f666,Running,6.19,2137,0.18,1092,340,118,216.41
2021-09-01,7725eb7a-4b6d-44e5-9be0-a96fbf88bc40,Cycling,10.19,3256,0.19,822,140,75,164.58
2022-01-20,9fea4dae-1da7-475c-b191-bd101cbc71e6,Walking,20.11,2359,0.52,640,197,75,130.02
2022-04-26,c15346ae-8a05-497d-8084-10b1a0f22d3b,Cycling,19.91,1793,0.69,763,1,74,0.6
2022-07-03,7f475e21-cbe5-444c-9f9e-006307fe1dea,Other,18.75,181,6.25,750,93,122,3.43
2020-10-28,b9ded16f-d505-4740-8847-201f46ab1ea3,Running,18.72,3425,0.33,861,236,96,240.14
2021-02-27,13865c58-28c8-43be-a8e7-51106d1ce907,Cycling,26.08,1949,0.82,646,475,150,130.12
2021-04-14,45d03ea6-806e-4597-97fc-bc75d2e6cb0b,Walking,22.41,1835,0.75,567,257,102,85.37
2022-06-19,fc7194ab-b5bd-472b-9422-7ec90a382d55,Cycling,22.15,2971,0.45,1487,349,143,357.27
2022-09-03,7215bdaa-8b53-4917-ae70-2bc599f3dc07,Walking,4.14,2847,0.09,1180,103,118,94.76
2021-04-13,b19fd196-be39-4161-9d5a-6f4bda4214a0,Walking,3.78,2923,0.08,753,465,67,493.86
2022-06-17,64b98098-e47f-4313-b870-842535e55c5a,Walking,13.88,1302,0.66,1114,225,118,89.34
2021-07-25,844e6bd3-29da-4c56-9ce9-ef19b18fc00c,Other,13.9,2634,0.32,1087,189,60,297.46
2022-07-19,5c908549-2537-44fe-b804-ef1f2ee82f81,Cycling,2.94,1826,0.1,859,342,86,200.86
2021-02-07,6750358f-da26-4ae9-9c4d-4bf02e67f170,Cycling,5.97,425,0.85,1062,8,67,1.78
2022-02-24,31c52c21-969c-42d4-8b76-d68fd1da9d0c,Other,11.92,2189,0.33,507,334,112,109.23
2021-01-06,b0d40caf-1b5d-41f1-8144-00b7e79741aa,Running,17.74,3286,0.33,1421,373,138,412.95
2022-04-12,ca51bfc5-c558-4dc7-ba94-51d6ab063ea9,Walking,29.07,3395,0.52,1220,481,143,458.82
2022-02-16,a277c7c5-c4ce-446e-9bb0-c69f83256d7f,Cycling,4.29,884,0.31,767,227,67,71.92
2021-12-01,8abc66a1-3cbb-4487-9e64-6e8aed8ef0ed,Walking,14.92,1143,0.79,1170,157,85,81.63
2022-03-20,485df6be-dd7f-4513-95b1-8d444dc055ba,Running,14.97,2681,0.34,1345,116,150,91.59
2021-03-09,3d59b8f9-b9bd-4560-89ad-c1023234b5b4,Cycling,21.97,3222,0.41,625,496,134,247.93
2021-12-30,e64737b8-733b-4299-824d-48bd53602dfb,Cycling,8.9,1090,0.49,871,191,77,78.48
2022-06-01,0d47f167-c4d5-403b-96f8-e9258fb7ddd4,Running,8.16,1864,0.26,1326,474,123,320.75
2022-08-01,c9685986-dece-4839-85d4-7470d909836d,Cycling,17.11,1541,0.68,616,429,101,131.67
2020-08-19,096bbb02-dca6-47a1-9375-e0d7a12d77a5,Other,28.27,1862,0.91,1439,398,86,413.77
2022-06-29,95499abf-1985-4269-8e31-f9ff02c6ecc8,Cycling,2.56,2216,0.07,1186,397,114,302.09
2020-12-12,bc36067d-c292-4b2b-84bc-d8d227a2d561,Other,23.21,1469,0.97,1201,3,133,1.3
2020-12-10,752a15dd-178e-411f-a0ad-c754cbdbff28,Running,7.48,3138,0.14,955,484,100,493.92
2020-10-05,79f74a83-ee11-4478-94ff-3fb82d116c61,Other,24.71,3387,0.44,1241,374,75,695.08
2022-06-23,1193b569-0dbe-4214-b872-0ed3dc5c3899,Walking,24.6,2219,0.68,504,93,128,26.49
2021-05-23,17ff265b-f5f0-47aa-bf38-b9b55a37b405,Other,17.52,2820,0.37,854,440,121,294.09
2020-12-12,b0fdbcaf-a568-4ab8-b509-afe03a8be8d9,Running,5.17,593,0.57,1046,344,142,45.97
2021-11-29,984ab831-7694-4bbc-9a33-698cd6585a8a,Cycling,13.16,1152,0.69,515,288,64,88.4
2020-08-28,b565c147-0c6d-4b2c-8024-6ce52029815d,Walking,21.28,143,10.64,1323,318,136,12.37
2022-02-07,f42f75b6-2a4e-4537-99ca-b91b37195c40,Walking,13.44,155,6.72,570,71,81,2.0
2021-05-17,0a165311-c7e8-4036-84d5-0db3172cbfe6,Other,18.86,2060,0.55,829,140,64,124.37
2022-02-13,1118b43a-380b-453d-a0e8-350b15ae1f5c,Running,15.03,292,3.76,904,411,101,29.41
2021-07-15,e4fbebc4-760e-4e1f-9ef1-7d64e290462b,Cycling,14.4,1696,0.51,1478,39,145,22.45
2022-04-17,5514faa2-67bd-40d6-a899-bda3b55e5a79,Other,11.97,2142,0.34,624,432,86,220.71
2021-10-15,ee0fba72-d967-4717-859c-00d506d98dde,Walking,18.87,2308,0.5,905,495,77,439.13
2021-03-27,4a2bc141-9796-4bfa-80d2-21ef7f7a4ce0,Other,15.16,2979,0.31,1228,279,92,364.24
2020-12-24,9e14c8de-a210-456a-a3ac-a00fc9bdbc00,Cycling,12.04,1958,0.38,1173,46,84,40.71
2022-01-07,4572c107-8d41-4eed-9669-887ea5c2d5bd,Walking,9.64,1452,0.4,968,123,104,55.18
2021-07-24,f2ed54dd-9163-460f-8a46-4451e2d1744d,Running,10.22,2761,0.22,861,218,93,187.51
2020-08-15,33a6d19f-d75e-4ea9-9e83-577866f5aa32,Other,16.34,2673,0.37,834,404,123,241.95
2020-11-26,a4df5e43-97d7-48e9-9a35-096d1114b90d,Cycling,17.46,2470,0.43,647,469,97,254.05
2020-08-06,c9b2fe8c-9c45-4473-a07d-7d38bf943f90,Other,25.05,2259,0.68,684,241,88,138.01
2022-08-18,9f82c8cf-e0f0-44a7-a514-e73b248a43d8,Walking,26.16,208,8.72,747,180,67,12.04
2020-09-01,1039430f-a967-4be5-8d28-75ee091d26f7,Walking,28.61,1618,1.1,1038,345,66,282.25
2021-06-22,dab8b28d-5b6c-4898-bd2f-f04a47d1413c,Running,20.41,784,1.57,1389,154,103,54.0
2022-09-01,7363cd9d-9ee9-46aa-9441-87dcca4d56aa,Other,26.81,1622,0.99,1419,380,81,360.56
2021-10-19,8c9616a2-fd3c-496e-9199-c5ae4deae8fb,Running,9.91,813,0.76,1371,280,62,161.47
2021-11-20,b0d53094-009e-4707-9ee7-d2d223f3cd6d,Other,27.44,3430,0.48,944,167,118,152.75
2020-12-30,3186ad5e-2ab7-4dbe-9fd7-84dad4d0952f,Walking,22.98,258,5.75,916,370,127,21.33
2021-07-16,7d9d351c-eda4-4a78-9b0b-df4d0505abbe,Other,24.41,1336,1.11,557,294,87,82.79
2020-09-14,bd38220c-d03c-4d5c-b41c-79aca4882962,Cycling,24.77,2163,0.69,529,332,86,146.62
2022-09-02,129f9b9c-69f4-410b-8c73-0fbcb1e2afb0,Running,26.94,2909,0.56,1475,342,85,571.0
2021-05-31,7b478128-1a9b-4aef-983c-fc74c7a27797,Other,19.83,191,6.61,1045,473,91,32.59
2020-10-26,81594c11-be6e-4418-8870-48ed34d69cb8,Running,4.17,1719,0.15,1083,347,86,242.96
2020-08-29,5e6b013a-aa24-49d4-b95c-b096b3bfab87,Other,27.78,1558,1.11,1435,351,83,303.75
2022-04-19,27173634-c909-4f75-b200-b302d7f0babc,Running,24.5,838,1.88,827,354,131,58.25
2021-07-02,cbba41a2-d8d3-4ff9-a46e-d14a39a5914d,Walking,24.27,2016,0.74,1075,54,119,32.0
2022-05-12,d9fcff20-1c45-4743-a7ff-f02d8448d6ad,Other,22.66,2412,0.57,795,282,86,207.27
2022-06-06,79b7e708-6c02-4ee8-af93-96a47422cf0d,Walking,9.72,2145,0.28,530,92,131,25.84
2021-03-11,e46401e9-5700-42ae-b53a-2befc78f2bb3,Walking,3.19,378,0.53,1072,106,77,17.76
2022-03-15,42c4d396-2b67-4994-a53e-c85f40a969bc,Running,24.94,3051,0.5,721,352,91,278.22
2022-05-27,843e3ba5-16b6-492e-8f2c-bbb0c2ede411,Other,20.98,1790,0.72,868,111,69,81.38
2021-01-19,cc46ae0c-4d0c-41ba-9f45-4e48708c6558,Cycling,27.41,438,3.92,973,199,117,23.14
2021-11-18,e20cef50-debd-4742-9e38-45928efca621,Walking,26.44,2168,0.73,1300,142,143,93.51
2021-04-24,2ca163cf-d709-447a-8c6c-2adad2427899,Other,11.25,3247,0.21,530,188,75,142.34
2022-04-20,d6273fc5-3570-429a-9226-5f98e50a5e22,Other,15.85,2820,0.34,1158,20,85,25.4
2021-11-09,7a46bb78-e138-4149-9130-9d8de1788015,Other,28.92,209,9.64,1412,68,95,6.06
2021-03-01,8686ee43-3e5f-48ff-b391-14a629a7d6d4,Running,20.69,1172,1.09,629,368,94,93.48
2022-01-25,2ef824cb-32ab-4109-beca-1ac59a31b089,Other,12.97,2932,0.27,720,448,121,256.11
2021-06-30,5ff56fad-259b-4d1a-877f-8f5f44ee38db,Running,27.19,1264,1.29,1273,346,114,162.87
2020-09-16,66551b98-c094-4c8a-823a-6ae179f37b1e,Walking,10.47,2282,0.28,1332,322,124,258.68
2021-10-02,b494503f-5af4-4025-a853-1f6bd4a39713,Other,26.82,876,1.92,1129,125,73,54.01
2022-01-26,252315c1-62c2-408a-bc8a-e361fc288264,Other,6.87,1524,0.27,1473,84,106,59.4
2022-08-11,8e906ccd-45c3-47b5-a42b-9ef3fd95cd4b,Other,7.18,1066,0.42,684,256,95,63.02
2021-05-09,66e81d0a-1484-408a-ace5-33e5bfce8549,Running,12.6,1325,0.57,1203,70,95,39.19
2021-12-29,7a3a6dc7-a91a-4fa4-82aa-46684103d97a,Other,6.19,2902,0.13,1152,143,70,224.11
2022-02-09,d466ade7-7146-44a5-8bef-143e23382496,Walking,16.27,2454,0.41,1139,140,100,126.56
2021-03-26,34098910-3f64-4585-aa5e-c4c105421356,Walking,9.71,1413,0.42,1290,375,122,183.34
2021-03-28,1ec21bb2-1ade-4d22-b708-efb9049b2529,Running,22.29,2744,0.5,610,306,147,113.22
2021-04-24,b58f2ff0-f9b2-4084-9a32-17f81b79166f,Cycling,8.11,2282,0.21,521,407,65,251.97
2021-07-24,ae90f098-bdaa-45ee-b49f-5ccd879525ab,Other,11.4,3137,0.22,1451,271,135,301.87
2022-03-01,2f08491d-f6e2-4779-a0b8-bf1bc84f072d,Walking,15.48,2551,0.37,924,29,120,18.68
2022-05-05,e25be2d4-a8f2-48f4-ba08-80a4724ee07b,Running,15.22,1205,0.76,767,283,66,131.73
2021-03-27,9f22c857-1920-469b-a564-e6da661aee3f,Running,19.27,1058,1.13,619,369,74,105.27
2021-06-10,1845414c-3f8f-43ff-b830-65c032e48c32,Walking,26.5,486,3.31,1248,181,119,30.39
2022-04-01,55f6e73c-03c9-4d34-ba21-95e4f612bb65,Other,4.78,3489,0.08,779,79,104,70.71
2021-01-08,c3994ca0-5abd-4082-b342-3c1ee59672be,Other,8.94,3318,0.16,1329,476,106,666.92
2022-02-16,03acf041-7141-410a-ace3-967f755051b7,Other,14.23,1008,0.89,690,401,84,105.33
2021-03-10,13078e9b-9496-49e6-9224-bda44778de16,Walking,28.7,2567,0.68,704,488,63,460.31
2020-09-29,36ff77cf-f743-484a-bed3-776f59f980ae,Other,16.15,1374,0.73,702,263,70,116.7
2021-12-18,d1fee8e3-fcfa-4511-b332-576f1a427215,Walking,29.2,1408,1.27,1054,36,82,21.28
2021-04-30,ed0389c4-ecff-41b0-b38a-b29f3e58ba60,Cycling,14.0,3153,0.27,824,6,144,3.56
2022-06-13,7279ab6c-4da8-4219-9ee6-eaeccf29809a,Running,11.52,1638,0.43,1352,17,102,12.07
2021-09-26,98800742-9b61-407c-bd5d-67eef5946bf7,Running,14.15,438,2.02,627,129,143,7.92
2022-01-31,0f462a08-311f-4190-b0bc-88f70d94041b,Other,7.6,1814,0.25,914,23,106,12.06
2022-07-03,ac31fd39-e74c-4320-bfc0-2e13499ade2b,Running,6.99,266,1.75,1390,229,145,17.54
2021-03-01,e4165874-7c55-48cf-9e8a-b5283f822af2,Running,29.12,1464,1.21,1492,497,90,396.57
2021-11-19,a5deef8a-ca1a-4124-b60c-1814a83a7399,Cycling,22.27,2260,0.6,895,67,105,42.39
2021-07-12,2e21bcd6-2687-43ab-81bf-49d539b7bfcc,Walking,26.57,2484,0.65,1485,262,72,441.78
2021-07-26,98ade9dc-edc3-4c41-9ce9-b1125ffd2120,Other,10.4,2308,0.27,589,317,104,138.31
2021-02-06,4a71da28-e958-4c34-8545-0cf573c8d854,Cycling,8.52,2759,0.19,1043,268,91,275.48
2022-08-09,e773aeba-94ec-44d3-8464-e602df42e588,Walking,3.36,3214,0.06,653,4,143,2.05
2020-12-08,cade19c7-ec60-43be-b74e-e746c42b5564,Cycling,6.18,611,0.62,614,35,114,3.76
2020-09-14,c0bcc720-7e2e-4d2d-a79c-58d9e84c8a68,Cycling,17.48,596,1.94,630,93,61,17.31
2021-03-04,482bbb86-b935-4bfd-b680-8c684fb919c8,Walking,10.94,622,1.09,1140,151,70,49.36
2022-08-03,141fe2a7-c61f-41c1-96b2-4ed89164a8b0,Other,21.93,2511,0.53,1278,196,145,142.96
2021-06-10,e806750e-2456-4cde-88cb-8bca78dfcb25,Cycling,20.33,3509,0.35,1298,267,148,272.03
2021-07-17,7d97f805-48be-4545-89e7-c06dd6f81617,Other,11.02,2358,0.28,1076,198,93,180.32
2021-04-05,3b2b7219-07da-42b9-96c8-7bdb24964efa,Other,5.32,3535,0.09,848,213,86,248.3
2021-12-18,2ed4cadf-bdcc-4ece-80b9-37fceb62ee3c,Cycling,25.6,1475,1.07,1003,114,90,60.79
2022-04-28,e4819639-6f35-43b8-a4fe-42aad09f917d,Running,3.32,3173,0.06,1410,247,112,344.12
2022-01-09,8d7574d1-4d4d-4e4c-93c9-9bc99bc8decc,Running,20.46,2401,0.51,888,113,144,55.91
2022-05-06,5443f2cc-0edd-4bc7-80f9-3c24a6a5923a,Other,24.15,1675,0.89,1146,173,146,73.69
2022-07-13,b69108d3-1743-4f52-af3b-6576759a1ec3,Walking,5.88,1909,0.19,662,18,110,6.7
2021-07-14,cc5986f3-9c9e-400a-94f6-34d52836b8fa,Cycling,28.61,3069,0.56,1175,273,124,264.33
2022-07-23,ce2f0d79-f476-4750-b24a-a10a20e99883,Cycling,21.95,1763,0.76,661,291,85,130.72
2021-08-18,d151be9e-8301-4058-a498-523155981b35,Running,11.91,459,1.7,958,475,125,51.01
2021-11-29,37100580-e091-433e-baee-a3e40b1f7331,Walking,25.3,3448,0.44,865,159,90,175.74
2021-02-05,73595efc-ac14-4a7a-aca5-0920b850f6d6,Running,7.83,3099,0.15,778,131,83,128.2
2021-05-11,2c376c7b-f449-4329-b7a2-430f44708912,Other,15.5,2148,0.44,1005,411,71,409.88
2020-12-18,63980acd-6e70-4066-9a2d-80cfd790f2aa,Other,26.16,2140,0.75,1335,7,133,4.9
2022-05-16,5a3da3e1-7d05-47cb-bbc3-dee08bdcf07d,Running,20.1,1795,0.69,1177,347,81,293.76
2021-10-22,479e2068-63f1-408d-bb01-f83acd49902f,Other,27.52,1633,1.02,809,278,121,100.3
2020-09-18,4f33f1f2-862f-4f9f-b8cf-ec9636b81fd8,Walking,3.71,830,0.29,1223,85,126,21.11
2021-03-22,ab215675-62a8-40de-bfaf-99cdb95464ad,Cycling,5.99,1875,0.19,850,481,71,363.09
2022-04-09,0be7f8b8-576b-475c-a466-8405aabc6f07,Cycling,17.25,2552,0.41,869,100,109,67.09
2020-10-15,6cc37162-4359-48f7-b772-c4b3fc39de54,Other,13.86,107,13.86,1408,432,111,10.96
2020-09-11,8de349b7-f6fc-4208-9863-6bfc737b5a66,Running,28.1,2054,0.83,1208,164,145,92.51
2021-09-05,43b28371-431c-4dda-a4eb-bf74232fcde0,Walking,18.8,2523,0.45,690,488,97,290.05
2020-08-19,982b711f-2e1c-4e82-bd92-86b31d30e99d,Walking,13.72,2375,0.35,545,405,90,192.28
2022-05-11,9ca73f46-e7f1-4f21-9f2b-97c1f736357d,Running,11.29,2163,0.31,582,147,106,58.79
2021-06-05,13a65b82-2291-4c8a-8d32-e1ec711b20ad,Walking,25.15,1141,1.32,1412,390,123,170.6
2020-09-13,997aaf05-bda1-471a-83c6-0889210afba9,Running,24.22,169,12.11,655,332,74,11.75
2021-07-31,689e078d-98eb-4621-aec1-8f1931ed546a,Other,23.51,2171,0.65,1165,158,68,195.81
2022-06-09,c0b48985-3844-4e1f-94e4-def805e8708e,Walking,5.3,2407,0.13,1070,281,111,220.87
2021-05-14,6fb326f3-4d45-4c59-83a9-5d2d3be20ebc,Other,24.48,2475,0.6,734,3,99,1.81
2022-06-03,26e1e0ac-a721-4898-a654-fc9c3a51c52a,Cycling,9.09,1713,0.32,1434,134,90,121.3
2022-05-14,8fc54c8f-67ef-437c-b2d9-7bc35bdc58db,Walking,23.82,2046,0.7,522,123,105,41.62
2021-08-03,d9396777-0a78-47a6-bb2d-e037ea280b6b,Walking,5.52,3092,0.11,1082,23,122,20.47
2021-01-01,05e30644-51e0-4819-8cb1-038a3c3215f7,Running,18.66,1721,0.67,1389,23,66,26.96
2021-07-24,df998637-de07-46b6-9fc4-a2da178261b2,Other,15.51,1767,0.53,514,272,87,94.05
2022-02-04,eafeae2c-61df-46d6-a287-3e3cbbf9335f,Walking,25.22,1711,0.9,884,347,146,117.75
2020-09-20,d8893937-12af-42ab-9d3d-1b6bf12fa206,Cycling,3.57,389,0.6,1320,281,80,55.17
2021-12-25,5a03bd97-6cc8-4324-84a8-cd14d22d8845,Running,29.55,2183,0.82,1206,156,147,92.24
2020-10-22,1ee48865-6397-444c-9a97-69e8f20c9e1d,Other,27.7,486,3.46,1265,321,122,53.29
2021-07-28,3a9e2e75-6626-45c4-9fcd-432add6cc8b5,Cycling,24.98,2794,0.54,858,329,133,196.36
2021-04-04,821943c8-ecc0-4201-8e41-5f1e8d028eae,Other,10.19,3207,0.19,1101,61,88,81.86
2021-04-17,ae386458-a7e9-4dc1-bb04-d07d049a0357,Other,22.83,2381,0.59,1333,175,69,261.64
2021-08-08,cf019f50-0341-48c5-8e73-f62602c937f7,Cycling,18.97,991,1.19,841,254,103,66.12
2022-03-24,23c6784a-375e-4577-a637-50a583224fe6,Cycling,13.5,596,1.5,1161,34,77,9.23
2020-11-26,a99f1130-64b1-47fa-a3d3-3bea4f169f3a,Running,17.86,986,1.12,974,50,121,12.84
2020-11-26,2e0004e6-2dd8-4294-9796-c187362c70df,Walking,5.32,2107,0.15,575,455,138,134.48
2022-01-03,9b820cd1-d05e-475f-920b-0f0e2ff39806,Other,21.83,125,10.92,788,339,111,9.62
2020-11-23,2f743237-e108-4647-9807-a94e4db73525,Other,17.75,1121,0.99,970,398,118,117.32
2021-12-01,912b45ac-36d1-4e90-a64b-a372fa89b62f,Walking,8.24,748,0.69,539,377,82,59.19
2021-02-19,032910e4-33d1-4488-a7b3-9e0b630d4c8a,Walking,21.49,1035,1.26,901,71,118,18.49
2022-08-11,5c3a9c19-ceff-448c-81e0-8beebddf33bf,Walking,10.94,243,2.74,1028,119,100,9.77
2022-07-18,b7eab109-78f1-42b3-bc24-23e1f723c25f,Walking,12.75,3178,0.25,982,230,81,284.42
2021-01-18,ed93fc28-7f13-4c99-8557-f1ed54303f98,Running,21.41,1469,0.89,715,334,103,111.55
2022-01-03,bb3f471c-a7e0-4925-80e3-7dea8c8a357e,Cycling,14.1,314,2.82,634,366,71,32.68
2021-05-22,85da205c-3c50-4ce8-8dff-1bb3b2a494ff,Other,13.65,209,4.55,1035,479,144,20.66
2020-11-16,55d7f9be-60d7-49ba-aebb-0db5512ca020,Walking,5.97,1482,0.25,809,456,84,209.75
2022-05-10,8ba31301-434b-4180-8bca-f84a9e63d534,Walking,21.41,1165,1.13,819,240,118,63.12
2021-09-18,7562a84c-7b6e-47c5-ad3d-65ced9753df2,Walking,28.28,2560,0.67,997,406,131,260.85
2020-12-21,94375af9-ba01-449b-9e94-fee14529f396,Other,6.53,1875,0.21,1306,429,64,544.43
2021-05-30,aa6a336e-01c1-4dc5-b9cf-d196d2040ad8,Cycling,5.7,2481,0.14,1358,79,85,102.77
2022-09-04,0be5c39e-916d-498b-b5ee-5713d526a1c5,Cycling,17.75,2611,0.41,815,225,125,127.02
2021-05-03,bdc4ebfb-0710-4cbf-b35f-c84c12e9d422,Cycling,3.0,2351,0.08,772,162,60,156.33
2022-06-03,a669107f-eef5-4a9c-9a56-c65819791ec6,Walking,23.72,2070,0.7,1396,407,78,493.66
2020-12-26,862f94a5-4215-4f77-a4ac-64ca8eceaa42,Cycling,10.83,1916,0.35,1424,485,83,514.95
2021-12-24,2cdc2633-4735-4bea-9788-169c1a258036,Running,4.69,1051,0.28,730,170,65,63.96
2021-04-17,32106f3e-57dc-417c-9eb2-dbbb0736d0e2,Cycling,24.02,619,2.4,1132,410,143,64.97
2022-03-05,3f194776-cbda-4261-ab38-45af247c6e19,Cycling,21.78,3398,0.39,1206,137,113,163.31
2022-06-11,c3f1683d-ec76-49c2-893b-6357e2b3928e,Running,20.59,226,6.86,1212,426,134,23.13
2021-12-13,8f53c6d9-f0b6-4992-9945-3a1556cea911,Running,5.45,2586,0.13,1400,249,141,207.3
2020-10-30,df9d34e9-de89-44a2-9f03-e9ceae74ebe9,Walking,9.51,1393,0.41,506,381,101,88.55
2022-07-13,a2b3b4bb-7f7f-4c5e-ace8-f22f0f6f2110,Walking,5.45,902,0.36,1064,451,143,101.6
2022-02-03,38d96d93-5f78-4617-ad53-9f09f12efb8b,Walking,5.18,3219,0.1,1123,314,96,380.54
2020-11-08,e91528ad-acf1-411c-949d-4341e4b0b6dd,Running,23.38,3482,0.4,547,284,97,187.22
2021-12-12,5f1949d1-ad57-4ea8-871c-f52c067df8d1,Other,25.58,1871,0.83,504,398,107,115.55
2021-11-23,eaf2d477-e0c3-407e-9a5f-42009cdb2983,Running,13.02,2846,0.28,1145,78,71,116.98
2021-12-03,5531fa9c-ff63-42e9-8239-2ccc0339e92a,Other,28.29,1043,1.66,712,279,69,98.13
2021-10-14,f7d42ee8-c86c-4255-b928-ebbd4ba69900,Cycling,19.03,1584,0.73,571,157,132,35.41
2022-01-27,1b6004c5-0001-4618-8837-9e065710c00e,Other,24.29,1003,1.52,759,384,131,71.11
2021-03-04,e949a5d8-e163-4103-9f39-201880f4514b,Running,22.23,2111,0.64,504,66,80,28.89
2022-05-15,b570eecf-8e4c-4616-aa24-16663b8a1452,Other,26.65,536,3.33,941,270,78,52.14
2021-01-28,6012b996-3b05-4df5-9e10-43f1019d938c,Walking,20.85,188,6.95,1258,254,87,22.04
2021-02-04,c207a990-64be-4cfe-b81d-c0b693ff11d8,Other,20.81,2576,0.5,1048,48,115,36.41
2022-01-25,c3b2ed70-e63a-4992-bc5d-ee3919866e10,Cycling,2.17,1009,0.14,1420,196,129,66.88
2021-07-04,e49e5ed5-e705-4617-a1ce-b444e66f7bfe,Cycling,15.87,2164,0.44,533,340,123,106.28
2021-10-22,c0593109-6c49-4fe0-a98f-33dd43380527,Running,6.07,2468,0.15,866,62,80,54.32
2020-09-08,88ad7cdf-ae3b-497f-94b2-48cb4e521873,Running,21.1,1632,0.78,748,185,95,78.81
2021-08-02,a3387696-8bca-4ab6-a020-2d954b82f989,Other,26.47,3270,0.49,957,389,87,462.31
2020-11-13,e4025dbc-bcce-491f-a01a-345882594fb7,Cycling,8.51,3129,0.16,528,465,78,334.84
2022-07-22,bb07479c-df69-4422-af74-c917a1be87db,Cycling,19.68,1655,0.73,869,119,100,55.76
2022-07-29,5d834377-1297-4fb8-b31d-9463d085f7a5,Running,18.21,774,1.52,1349,414,124,107.92
2021-07-05,3cb13cc1-1994-4cc3-b831-454aec278214,Running,24.41,2157,0.7,1101,277,127,167.48
2022-06-28,4487db1a-a41a-45fe-93ee-9405d665b96f,Walking,13.07,307,2.61,1286,381,99,49.57
2022-06-08,1c3f7fdd-5658-464b-9c68-93b9ba18a305,Running,12.52,3093,0.25,1478,343,73,695.57
2020-08-05,fecc891d-1f1b-4a4a-980a-dee2025e7f69,Walking,12.03,1581,0.46,1274,330,87,252.76
2022-01-14,0ca19a07-10a6-4d1f-8c26-526dd9348e50,Cycling,17.19,776,1.43,1122,448,136,88.86
2022-06-14,f90a141a-8b58-4689-9fd6-c2225441a0c6,Running,9.87,618,0.99,896,486,142,61.15
2021-11-12,eed1c2b6-2d44-4ffd-90b9-af79360b0255,Other,26.62,3297,0.49,936,147,97,154.12
2022-01-08,2df6da92-e2b2-4429-91b8-698b748c3e57,Cycling,14.68,1096,0.82,1464,448,145,161.95
2021-01-18,89f8d80c-92f3-45df-8791-e713528d104d,Running,22.19,758,1.85,1401,97,61,53.44
2021-11-17,04600b8d-6d5a-40e5-a3d4-3cb0c25b754f,Cycling,28.41,1761,0.98,1189,473,138,236.29
2021-10-05,511f24e4-2a58-4012-9ed2-8f6f5061e04b,Other,13.14,1668,0.49,891,379,127,142.61
2020-11-26,fab4c266-93ce-4868-bb6d-189b8d6e6967,Cycling,21.89,3583,0.37,573,55,109,34.21
2021-03-19,14e3370c-13d3-45bf-ad7d-9197fceca72f,Other,9.44,2273,0.26,1315,140,128,104.44
2022-04-21,46c45321-d5eb-4b41-a2be-552bd6ffe03b,Other,3.64,2971,0.07,589,497,101,301.43
2022-06-03,834ad507-1d26-40f4-8371-dd133306199c,Other,29.67,548,3.3,716,152,149,13.13
2021-11-08,f841965e-7d23-4b13-a9b6-2dba1d8a7632,Other,9.52,1673,0.35,1449,476,115,326.27
2021-12-06,06e7f263-e859-4064-a424-d3468e98a311,Running,19.37,3127,0.37,844,63,84,66.28
2021-08-23,ee87e681-fe37-4dad-8421-5f6e0756e9e9,Other,20.97,911,1.4,726,409,149,59.7
2020-11-03,eaa63fd3-a540-4aa6-8692-2a6341227e6e,Walking,29.3,1304,1.4,1431,167,143,69.95
2022-01-29,fc61df41-bede-4d8e-91fb-ed3df0f9a2f0,Cycling,25.3,851,1.81,944,425,83,135.13
2021-12-21,093c9a3b-73d7-44e6-89a1-1ce846f9bc46,Cycling,17.16,295,4.29,1154,138,136,9.37
2020-10-24,08098b26-0357-4db5-99b8-1508a2fd5bbd,Cycling,18.03,3378,0.32,1101,24,104,28.63
2021-09-10,2ab00317-4b12-4545-8b59-76e610463ccb,Running,5.58,2735,0.12,1418,122,133,120.97
2020-11-17,f5e7e942-2597-4075-90f7-10a0addf483e,Walking,22.11,2873,0.47,781,95,65,107.39
2022-08-24,016011a1-2ff7-44dc-b711-c0d0945d89e2,Running,29.86,476,4.27,582,251,109,18.74
2020-09-24,276fd1bb-163a-4cc1-bdcb-1f62d6e5db07,Running,3.53,2947,0.07,1192,485,147,396.65
2020-10-24,09b3ef33-f121-4684-88eb-a3a9e858cf27,Cycling,11.65,1062,0.69,1200,471,142,134.41
2022-05-10,8e73298b-ace8-43b4-81be-ddead8285286,Other,23.15,2529,0.55,1388,197,137,168.02
2020-12-21,ba952d5f-922b-4bc3-a87d-d1d493d311f6,Other,22.88,2152,0.65,1010,392,85,327.91
2021-09-05,0d241e62-b025-45c5-9524-834742807986,Cycling,5.86,2461,0.14,767,150,95,101.38
2020-08-05,ac11f968-a816-4b87-af65-85ddd04fe575,Cycling,8.07,3524,0.14,903,305,136,233.47
2021-02-14,4738d7c6-5a09-4a19-bdab-36ef9d102e3f,Cycling,16.29,3345,0.3,563,103,130,48.44
2021-10-03,cb9653a1-0333-4426-8172-5fe804bef04d,Walking,2.95,2370,0.08,1171,24,118,17.57
2021-01-21,fd23e41f-b942-4f49-988a-b854b404c181,Other,20.3,3233,0.38,1109,273,78,414.71
2020-10-07,ff96c08a-2a11-4a05-a2ed-1cfac4ece817,Cycling,27.02,1334,1.23,1278,403,122,185.48
2022-01-28,f4fccfb3-58b3-40c0-ae59-c7b40e503aa6,Cycling,13.78,447,1.97,563,283,92,24.23
2021-10-28,85d7e2ba-c724-4934-a4ae-f59ee606a63a,Cycling,3.06,3004,0.06,618,257,83,195.18
2021-12-21,e0d59fcf-a05d-41e6-ac11-88afbf434d0e,Running,28.78,1939,0.9,1027,362,101,235.42
2021-10-17,75d8f609-d985-4ff4-825f-feedf6374c0c,Running,25.6,3012,0.51,654,48,129,24.43
2020-12-04,697f48ac-b412-4184-a767-54d0f8c40532,Running,7.82,3507,0.13,1051,226,121,236.17
2021-12-26,d39cfbef-6558-4167-9d96-b81d5c14e742,Walking,15.12,132,7.56,733,393,64,18.0
2021-08-30,52465d01-ac8c-4881-82fa-8e621cda2242,Cycling,16.24,100,16.24,1233,375,146,6.33
2021-03-12,53e667e8-a4fe-4a0a-92c9-3bf537984890,Other,29.76,3589,0.5,1415,409,145,475.12
2021-04-22,b33d7c1c-bafa-484a-8154-00a5056647fc,Running,22.53,3429,0.4,876,3,104,2.85
2022-03-18,398d4e38-32e6-47a0-bf2e-458df25ef804,Cycling,18.68,870,1.33,1246,99,88,39.38
2021-05-30,00b4a90f-6021-4fe3-a040-d5747e9774e2,Other,24.09,222,8.03,819,332,130,12.55
2022-06-14,fc25bac2-c0e8-47da-ade9-b21fa5385625,Other,19.15,815,1.47,1009,220,83,69.68
2020-10-14,05c8fda8-1b8b-4e9d-8b1c-58006d1f56f1,Cycling,17.46,3193,0.33,1388,426,148,422.76
2021-02-06,7989f30a-d20f-453d-a852-1daa54aa98ef,Other,17.87,132,8.94,645,406,119,8.8
2021-11-04,4afd9db2-a178-49f5-8476-d063c510faf1,Cycling,24.58,1136,1.37,912,485,110,144.29
2021-11-18,eab2d64e-d77c-4549-89f5-c737ce3927ac,Cycling,14.54,2995,0.3,536,392,121,168.32
2021-05-28,7b94a927-f2d2-45b3-8b54-d76b1a2cab54,Walking,18.42,3500,0.32,1437,278,95,484.11
2020-11-15,017e089d-baa9-4634-970c-73966fdac267,Other,10.36,1756,0.36,767,457,144,140.1
2021-12-07,a5dd1954-ce3d-425b-bf70-469265e4c16f,Other,17.04,2400,0.43,1327,159,95,176.03
2022-02-05,8e736893-4e9a-4ca6-8ac6-17b99e072a2d,Walking,2.67,1372,0.12,815,463,118,142.3
2021-05-24,7c41cf8f-b760-4d38-997a-02e63d29e56b,Other,27.49,2067,0.81,1019,157,112,96.96
2022-01-16,3e124cda-8976-4f98-ad9c-afea6bcefdeb,Cycling,12.92,234,4.31,606,376,74,18.46
2022-07-28,55f246bb-df2f-4e25-942a-784324a1cdf2,Running,10.9,458,1.56,775,261,138,20.48
2022-08-27,7bdcc937-65ce-4d84-9b8f-667cb5c8e0d4,Cycling,16.52,1833,0.55,688,137,144,39.32
2021-10-27,130d843e-b9f8-4567-b763-d20f5f59c8be,Cycling,10.83,2409,0.27,766,237,103,141.4
2022-08-06,6ecef2ec-6b4a-4104-bbee-78905ea30106,Other,23.15,823,1.78,1041,467,110,114.96
2022-08-24,fe8ab376-6efd-4911-a4ec-69df09a52224,Cycling,22.71,920,1.51,1282,432,77,216.35
2022-05-30,7ca38644-2c72-4835-b1b0-aa0ee113cff0,Cycling,9.21,385,1.54,1323,194,123,24.96
2021-04-12,cc00c1e5-b100-4c42-a995-b85517adf9b3,Running,29.58,397,4.93,794,141,115,11.68
2021-03-27,1dc64835-cf85-4bae-b968-a1318f8543b6,Other,26.22,1912,0.85,1125,205,125,113.83
2022-08-23,0646bbc0-93f9-44b1-a986-179903fd5fc5,Running,7.86,950,0.52,1466,413,86,212.83
2021-08-04,d1029ffc-d2f5-4120-bb54-69dfc996826a,Cycling,26.54,1094,1.47,1161,169,62,114.27
2020-12-08,6a26631f-db39-4f1b-9a4b-1ef1a308c0b5,Running,7.82,2787,0.17,1379,331,92,456.45
2022-08-08,14757c66-0073-43dd-9bc2-ebb1ef6a1b23,Running,16.11,1577,0.62,844,359,149,105.68
2021-07-27,74743d34-9705-47bd-a307-ded4d55c1c0c,Cycling,11.34,1381,0.49,1292,93,86,64.67
2022-05-30,e25720ec-5afe-4fba-997c-d5663db5b845,Cycling,23.54,911,1.57,550,342,68,82.95
2021-04-06,cc67df4c-237c-43e1-974f-41ba23d2fe64,Walking,2.13,2368,0.05,1342,357,116,351.89
2020-09-09,3e9b60c3-9d4c-4e28-acdd-36f4759a0ece,Running,7.15,3339,0.13,600,396,108,242.0
2022-02-19,84e3ad46-d5c6-4c28-bacd-f29037535fde,Other,22.74,431,3.25,576,21,122,1.39
2021-07-26,993a26a3-2cf2-4666-a681-76141ec7c6c1,Other,14.31,1037,0.84,1056,329,127,93.21
2021-06-10,8c8a2d83-0832-48be-9512-ae8418d59c18,Other,26.5,2113,0.76,1292,85,141,54.32
2022-09-02,a43df302-52b3-43f9-ae8a-fde8fb273a16,Cycling,14.35,3111,0.28,1078,403,70,636.14
2022-08-28,87235da7-275a-4a87-9bcd-c5b3c08335b3,Walking,29.1,1817,0.97,1208,122,109,81.12
2021-07-14,cddd383d-4e86-4e29-b76e-80ee5679fd58,Running,6.39,2504,0.16,1036,429,123,288.62
2020-10-30,5d71c5cb-396e-42a3-abcc-7675058b464f,Cycling,13.63,1160,0.72,1480,90,80,63.04
2021-08-10,cfa1a5ec-17bb-4108-b9a7-489b6cf1a5ea,Cycling,21.91,2460,0.53,1401,434,131,383.75
2022-05-07,6de104d8-b329-4326-a905-aa7e95d758db,Running,20.89,3397,0.37,614,118,119,68.75
2022-05-08,c44e1b64-44d7-4fe8-ac3b-009965ad81be,Other,6.39,3229,0.12,555,379,148,151.36
2021-03-15,23f655aa-9f87-434c-bc91-71e76b8da224,Cycling,18.94,2008,0.57,1395,448,112,370.83
2021-09-14,50b17d5e-3b73-4f7f-ba18-4ae30742c76b,Walking,29.43,3441,0.52,904,313,103,310.95
2020-08-06,a99442a9-6566-44ea-9908-e3df5dfa0894,Other,28.76,1818,0.96,850,127,136,47.56
2021-10-27,78c39083-87cf-48a7-95d7-2f6dfdf4de33,Other,22.5,1453,0.94,1433,412,132,214.12
2021-02-06,3b80e152-a85a-45bf-9bbb-a469a0958d41,Walking,23.29,153,11.65,1359,22,142,0.84
2021-04-19,b545d386-e1ce-4bff-b3ee-eaa11622388a,Cycling,2.31,3007,0.05,1121,497,85,605.64
2022-02-16,51aefdd7-9bc9-405a-85ea-b9d15fca5b54,Cycling,19.57,714,1.78,1446,255,70,115.83
2021-01-18,be77a979-1a61-4f7b-a40d-76c3859a72e6,Walking,8.19,1028,0.48,962,248,105,77.54
2021-02-08,100a1461-99f9-445c-949f-431238cedf61,Cycling,27.27,1805,0.91,742,469,148,140.93
2021-05-29,309a708b-3d8b-4153-80b3-bc8c91619719,Other,6.26,1027,0.37,841,364,68,152.33
2021-08-29,c505e877-eac3-4631-8e42-f77c3b28e438,Cycling,2.56,568,0.28,913,390,83,78.45
2021-03-03,bb24e578-9332-4c7c-befc-cfbe15aca942,Running,3.94,2539,0.09,835,52,142,26.77
2020-12-13,e6fa94c5-d065-499b-a6f1-828b8e95384a,Cycling,2.83,1045,0.17,933,210,143,45.62
2022-01-10,99028cc7-46fa-42b1-8816-dcbc45a7d4ee,Cycling,26.74,3022,0.53,1315,420,130,428.69
2021-02-17,c1fdda21-9a07-4ab1-83d1-5bea0b4a1d69,Other,13.51,717,1.23,975,161,142,24.28
2022-08-03,3087c978-bb9b-4952-b4f0-9fcf3f73f642,Other,27.86,875,1.99,1344,217,104,78.52
2020-09-14,3b425de8-b05c-4f84-b0d9-0fe0b9139bb6,Running,27.74,824,2.13,666,154,77,34.69
2021-12-02,abf7c1fa-b419-4e3d-a164-8f002696bd75,Walking,10.78,1275,0.51,1098,1,115,0.4
2021-10-23,46ca0a22-a090-4892-93d4-0681829a1881,Cycling,13.2,2026,0.4,1258,194,82,196.43
2021-07-24,ffeddda7-3620-4747-9ad7-425b2233223f,Cycling,27.19,140,13.6,761,270,148,5.55
2021-12-13,b5bdaa83-7b79-4154-ab48-286f1b0d493e,Cycling,7.82,3028,0.16,1188,463,81,663.79
2022-03-12,1b04e6c9-862c-4be0-9a84-1235015e9961,Cycling,24.67,2360,0.63,864,26,127,13.85
2021-04-29,52cbf0c8-2a83-41fd-a9d6-9c0fcfca4cd8,Cycling,2.04,2801,0.04,1095,271,95,318.61
2022-08-29,bc0b5a66-9d0f-4a99-bc49-8b4fb787dac2,Running,8.26,2332,0.22,1009,36,118,23.12
2021-10-20,3f535096-aea0-452f-a940-e8253aa20d97,Cycling,23.84,1510,0.95,1463,464,87,391.61
2020-09-05,be5a5fc2-98d5-4ffe-8eb1-a00b4e8b3e3e,Walking,4.04,3541,0.07,1136,434,113,503.62
2022-04-23,88f26e5e-7c46-4f1a-9a58-a4138596f0c9,Other,6.94,3452,0.12,931,302,138,235.66
2022-01-20,cae24135-4cb6-4b67-9325-9cde723ae7fc,Running,14.14,1973,0.44,1387,480,76,563.03
2021-05-07,fe33db12-2394-44cd-888e-998a44c2418c,Cycling,6.74,2274,0.18,980,335,62,396.55
2021-03-26,c07755d5-935a-4708-bf5c-2e69a14695e7,Cycling,14.96,318,2.99,1324,349,64,72.25
2021-07-14,c5dd5472-71fa-4114-b451-a87d6cd7f9f0,Walking,17.22,2935,0.36,672,161,131,79.01
2021-04-05,5aa1d1aa-22ad-486c-aa6f-72490a80ef01,Walking,21.24,2426,0.53,818,191,96,130.44
2020-08-10,4ea24d21-fdf4-4706-bd96-b7223e7e19a0,Walking,13.33,2701,0.3,1141,207,81,259.13
2021-07-13,fea50333-6136-441f-be83-3f3125624481,Cycling,17.44,630,1.74,1010,477,110,87.8
2021-10-24,0f5cac7b-edce-4716-a3ea-71d04201517b,Cycling,8.88,1537,0.36,1280,198,140,89.31
2021-10-05,f97fa873-346b-453e-b920-276705180374,Walking,21.07,2734,0.47,634,150,136,62.7
2020-12-12,bd4732c7-0abe-4cc9-a20c-492cdbe7d5a2,Other,8.65,766,0.72,602,103,124,12.02
2022-04-24,71a96f7f-fb8f-4c5b-adf8-795ab4f0ef8f,Walking,3.92,1371,0.18,860,300,109,103.09
2021-04-02,030d4aa3-f85a-40f1-9b3e-d597cc897e3f,Other,7.96,3473,0.14,1431,267,116,374.55
2022-04-23,80528583-bd88-4188-81cd-c926aa349c4e,Running,8.95,1260,0.43,1251,490,118,216.25
2022-01-09,6a5cadde-ec98-4e8e-ba3b-f6b4bb30cbff,Running,5.04,1286,0.24,992,234,68,143.37
2022-02-22,12c6a7f5-0170-404d-adc3-d25e6ee9cb78,Other,25.64,2715,0.57,1021,266,92,265.58
2021-07-18,d24b025b-ce68-4d75-b2a6-c4c8bc21f0dd,Running,22.81,946,1.52,1083,237,76,101.36
2022-02-21,35214c09-4379-4f35-af63-d280e1cf83fe,Running,21.98,2287,0.58,1484,126,107,132.45
2020-10-24,5a2ffb2b-8c99-48b2-bf8f-db13ea699509,Cycling,17.05,896,1.22,673,195,72,50.95
2021-01-12,0f4199d5-5a77-4b68-b1d5-382b11ad6b59,Cycling,29.09,2935,0.61,1123,459,115,427.5
2020-11-02,49665df0-3564-494c-b291-b87b725dfe9f,Walking,14.59,2532,0.35,1181,69,82,82.85
2022-09-01,e4c97c16-1aa5-48fe-a473-6fbc5e013a8d,Running,5.27,1878,0.17,971,171,116,88.75
2022-04-30,2e95934b-6fad-4719-8e52-1c0c2a389f96,Cycling,19.42,3166,0.37,513,228,84,146.17
2022-01-10,11f00f36-2049-4e24-9e41-cc0a5465b7e6,Other,10.48,1765,0.36,951,154,94,90.71
2020-11-11,8355953e-492b-4809-8cbe-9153099f55b3,Walking,15.51,298,3.88,1455,347,69,58.5
2020-11-18,078914b0-9774-41cb-af35-b23a9e91b1f6,Running,29.56,1412,1.29,737,197,122,54.54
2022-05-27,037113ff-38dc-44bd-ba5a-405df4ba7508,Walking,6.1,3416,0.11,748,230,139,137.27
2021-06-23,d286c644-0978-4cfd-9686-d260763cab5d,Cycling,25.62,1445,1.07,563,344,110,84.31
2022-01-16,c267e8ef-4099-48e0-b5fc-3cb572b28481,Other,19.77,322,3.95,785,113,106,8.38
2021-07-10,c08c8462-e650-41bb-bed0-6508d556dcfe,Other,4.15,2542,0.1,1203,266,81,327.9
2021-08-06,c15f1739-3a49-4bc6-aec5-d7505c6a880a,Running,18.01,2391,0.46,589,278,136,94.28
2022-04-16,c2cdeaad-e06e-49fc-b4c9-0c1dae20e2f2,Other,12.82,2578,0.31,1147,253,149,161.08
2021-12-07,13b3f626-711f-4d0d-bec1-478c5798f471,Other,9.64,1873,0.31,668,470,94,207.73
2022-08-20,a5b25e44-1660-4925-accd-129635786607,Walking,16.45,3338,0.3,597,387,140,180.98
2022-06-10,c76e90ae-89d9-40a0-a712-0c42e4345c24,Walking,25.32,1001,1.58,1092,478,144,116.18
2021-09-22,d59dcefd-452b-4465-8492-a008bd0c33f9,Other,28.7,336,5.74,512,251,85,15.12
2022-02-25,1c6efefa-60fc-4d11-86f5-3e594661a4e7,Other,16.27,358,3.25,524,410,104,20.68
2021-11-16,4bd10d9f-aba1-4932-ab9a-498760b478b7,Cycling,29.65,1647,1.1,1087,64,136,27.58
2021-07-13,5ba6621d-2d52-4ac4-840d-774566152f04,Cycling,25.86,326,5.17,769,258,101,19.65
2020-11-10,2950be7c-176c-4904-9dac-9f39ea564ee9,Cycling,5.0,1707,0.18,1425,344,108,252.16
2022-03-26,a57b1886-1513-4c93-9e10-f51144c241f5,Running,17.08,1661,0.63,1165,441,83,335.63
2021-12-17,8b25428b-3546-43d7-af0d-aec6b529e3dc,Running,5.11,637,0.51,630,84,117,9.06
2020-08-10,5ecb59bc-5c77-47b3-b88a-02df9e0894c5,Other,11.4,1558,0.46,1416,26,87,20.97
2022-07-03,3b2f7afd-c069-4ac3-afc4-8598d4a378cb,Running,11.57,983,0.72,762,220,90,59.86
2021-08-04,ccea2a06-3a65-4a6d-971a-3b2041281d30,Walking,11.59,1095,0.64,762,2,97,0.57
2020-09-12,eee3c170-3621-48c3-88c7-a1602d33ea8b,Other,17.8,483,2.23,1394,309,85,80.9
2022-02-08,9eda8846-4a58-4cc4-b051-06376f974181,Walking,20.9,2678,0.48,1219,6,107,5.95
2022-08-06,b5fcb78b-a967-417f-8531-4340b349d386,Cycling,29.32,701,2.67,732,40,77,8.35
2021-04-05,f7e19816-1d2c-43b4-b8a9-32d103b7d845,Running,11.53,2982,0.24,641,107,69,95.51
2021-03-31,68dc4290-5e89-4817-b9f1-84d4361d790b,Cycling,2.9,1957,0.09,804,110,144,39.58
2021-05-27,e99c5974-398b-4d75-a62f-e6cb6c2d17e2,Other,6.77,1774,0.23,826,374,103,176.57
2022-02-01,470a7191-46ce-4d31-a074-8d8e0ef5bb98,Cycling,23.98,855,1.71,661,310,119,48.29
2022-05-31,60650597-eb90-4234-8077-00ce5268c837,Other,7.18,368,1.2,938,388,133,32.75
2020-08-16,317fd89c-4c2b-43d7-b6d1-2232d6d76170,Cycling,25.46,1865,0.82,1282,169,98,137.29
2021-12-15,4ef92ad6-3a89-428f-abef-b83bce0731c5,Running,9.72,2594,0.23,1410,311,129,287.31
2021-07-03,a002dea9-2938-4d0f-9902-6a885fec83ed,Walking,29.61,364,4.94,859,95,103,9.5
2021-04-25,349fd09e-d8a0-4906-9788-cc45524059d0,Other,26.98,597,3.0,558,404,143,28.36
2021-12-20,f4171a06-9908-45c7-b434-9b6a9933f553,Running,20.37,1396,0.89,1355,25,98,15.82
2020-11-28,1df72081-3635-41f3-abfc-5d8a9889e2f2,Walking,28.56,960,1.79,1353,375,114,142.02
2021-03-14,1e7e8a6c-5516-4d08-88c5-93eaba5f739f,Running,7.93,679,0.72,646,8,69,1.65
2020-08-11,7f341e6b-ef5e-43ef-8b4f-ba1d11ae9dc0,Other,9.26,3061,0.18,785,346,92,303.76
2020-12-10,d2d46f19-842e-40a1-9e6a-a87b6b34784a,Running,19.53,2560,0.47,595,419,80,258.99
2021-03-06,fdecf0b9-a4c0-4533-95be-fab56f49cf27,Walking,17.9,991,1.12,1408,64,94,30.64
2021-07-26,7b983a91-2236-4db9-8304-be9c4bb3b6fb,Walking,8.58,2216,0.24,1075,423,106,306.72
2021-06-29,3c6e32b8-72b1-4ef9-a5e9-a717593deaa5,Walking,6.08,1066,0.36,680,258,126,47.03
2021-07-28,6c84de71-e651-42eb-901c-f0fde70a3ebe,Walking,27.56,2699,0.63,1409,245,149,202.7
2022-03-02,b29f884e-2bb9-4bd0-81ee-e078aa698238,Running,16.38,702,1.49,643,72,113,9.01
2021-09-03,285153ad-64d3-403d-b69f-0fb110f315dc,Cycling,11.31,360,1.89,675,338,60,45.51
2020-09-25,2c2723ca-2ef2-4e20-99ba-46add07900ad,Walking,24.76,3325,0.45,1008,248,120,229.24
2020-09-02,85410610-a8b0-4377-9176-12223eb86667,Other,16.45,1438,0.72,1230,400,73,307.97
2021-05-27,2653a1d3-a6b6-45a0-91dc-e75ca5ede977,Cycling,20.96,2980,0.43,1452,451,112,570.0
2021-01-24,bfa2825a-4552-4cdb-920f-8303095c46a0,Cycling,4.28,3158,0.08,572,359,119,184.64
2021-12-26,8fd77c57-0f7e-4fd6-a00c-34dc67ce548e,Other,21.19,1908,0.68,1449,394,119,299.0
2021-11-20,f9c61b73-1274-472f-b199-418605735f29,Running,23.13,358,4.63,1238,341,70,60.26
2021-09-09,03c1386a-d7f3-42ab-ad80-5435a63d23a1,Running,18.13,119,18.13,792,447,128,5.53
2021-05-11,c796f394-0b6d-4371-9134-618913e71041,Walking,14.88,1525,0.6,1108,37,145,14.02
2021-06-23,7fd96b14-9928-4695-95c0-ea65958cdb10,Running,5.21,2472,0.13,669,56,92,32.64
2022-06-10,fb5495f1-7b50-4baf-8aed-9bea9291f4cc,Other,23.2,2172,0.64,1322,27,94,27.53
2022-04-20,ad3a1781-0963-4e04-9f0b-4e80de854b50,Other,6.54,2084,0.19,597,434,85,209.85
2021-05-10,ee4c606f-56cc-4666-bd1f-fce141c07396,Other,15.96,2244,0.43,848,298,114,164.55
2021-04-28,59bd7868-fb4a-4377-9427-56c64da4d79d,Walking,20.88,3511,0.36,987,400,138,331.86
2021-05-10,ba443104-a2cd-423b-8dda-09734d5a7167,Other,2.94,1612,0.11,1151,372,106,215.92
2021-06-22,53cd59f2-86b2-4def-8a9d-df9f473b58dd,Other,14.81,425,2.12,1008,36,73,6.95
2022-05-19,08e1ead7-baff-47b8-be1b-db0640c3c53c,Other,3.12,1109,0.17,711,25,94,6.94
2020-10-11,259671a5-9012-4d1a-b710-93e0b697b771,Other,4.2,3077,0.08,1042,109,72,165.63
2021-07-24,941b0d9a-8a89-4f9c-8a20-b9dd95168ace,Running,25.01,557,2.78,1152,27,83,6.74
2022-07-18,93854e43-6e7f-4428-97bf-3a519fb3d64d,Cycling,9.58,3553,0.16,974,195,145,156.86
2022-06-26,20942889-33b1-43e2-b226-3da5109d419f,Cycling,6.14,3323,0.11,881,364,66,542.42
2021-06-27,c9e6fe31-a075-46a3-baba-f9592d4ee781,Walking,15.5,1260,0.74,1099,438,85,237.24
2022-01-19,9998f9f6-2635-455c-bf96-d52b9413bc58,Running,17.17,708,1.56,1236,381,113,91.74
2021-03-10,cf386f33-c326-44e1-8119-46b179772718,Walking,7.84,2981,0.16,586,205,91,129.37
2022-05-22,3f93ef18-553e-47d1-b813-1916af5f168a,Other,21.37,2525,0.51,1283,51,128,42.84
2020-09-09,56316bda-da39-4542-8e56-ce8857168596,Walking,18.39,3239,0.35,542,383,129,169.1
2021-11-22,26aaf3e2-d754-4c7c-b6af-b49c3370422b,Running,27.81,2495,0.68,1118,47,137,31.37
2021-09-05,996889ca-0c8f-47e1-a982-c8d912a64969,Cycling,6.68,113,6.68,1218,86,79,2.65
2020-10-08,e86b31ee-1329-4c9e-a1f7-8e37fc2bb359,Cycling,2.56,1646,0.09,1399,361,125,229.85
2020-09-18,67df8d0a-1eb3-470a-b3c3-4d5bebe75191,Running,6.01,3017,0.12,1092,137,99,151.37
2021-03-02,54ee7e89-de45-4f8a-a03b-faeaa36f967a,Walking,19.97,735,1.66,979,104,110,22.27
2020-09-12,fc6c94e1-c092-4cb8-ae1e-c97a1bf3a9fc,Walking,19.41,2297,0.51,787,146,131,66.76
2021-08-15,a5b91b61-c391-4fab-8c6d-829cd3da2027,Cycling,16.14,1210,0.81,1382,126,130,53.38
2020-11-02,3a43fe55-ac1e-4fb0-8eeb-072851dffd6e,Walking,25.79,3024,0.52,1431,230,68,480.11
2021-11-21,62f7cdc6-e216-4430-a524-a1a060122500,Other,26.66,3292,0.49,897,246,63,381.14
2021-11-23,bf387144-2d67-4803-88b4-34573ecc76b5,Other,22.78,2385,0.58,1135,26,79,29.34
2021-08-19,19e898c8-a632-49f4-b125-4fd5ace94c1d,Running,17.47,2114,0.5,1292,153,130,106.26
2022-06-06,80f0ff78-2b5c-49e5-962e-ecb8ef6bb665,Cycling,25.14,619,2.51,735,296,79,55.17
2022-02-03,22ea8907-fe42-4898-a210-556661af4782,Cycling,4.91,3524,0.08,1039,477,133,457.41
2022-02-23,0a8d960d-4520-4191-9cc9-2d6a7bcf1f9a,Cycling,22.58,2473,0.55,1363,28,104,30.13
2021-11-16,468cb297-4fa0-458c-b73c-90889c13c028,Other,29.91,2977,0.61,1290,259,134,244.51
2021-08-21,78cd8f7d-aed7-49e1-9f18-3224c1970f13,Walking,14.22,2063,0.42,970,171,117,96.0
2021-10-25,16052197-5bc7-46e0-b66b-1d7fb47451e0,Cycling,10.46,2995,0.21,510,21,86,12.41
2022-05-16,012d013d-7919-4026-af2e-3f48b83197f4,Running,9.05,85,9.05,697,32,106,0.42
2021-10-30,c6782b89-de08-4029-bc9b-83004b1cfa89,Other,16.82,146,8.41,1406,112,123,5.12
2021-07-05,6728430d-577e-49fd-9278-dcabb3ddf38f,Other,11.31,633,1.13,1338,262,62,113.18
2022-04-25,2a95a69e-2207-4586-aee1-67a69c8d7408,Running,5.3,3478,0.09,1197,376,68,779.54
2021-06-29,afc383a3-ce4a-4408-a7f5-4fb94b50b818,Running,7.9,1789,0.27,1196,95,122,54.5
2022-08-30,352acc5f-4657-4674-bffa-d393b8f5e502,Cycling,9.2,2995,0.19,1120,208,111,203.25
2022-01-16,c704ea67-a41e-42e6-a082-155a8fa094f7,Cycling,4.42,902,0.29,953,66,62,30.92
2021-09-30,b45e651a-fe7c-481c-a3ae-2fd68e11c107,Other,17.7,1393,0.77,1373,3,120,1.58
2022-03-20,526709ae-186f-4431-964c-6834a0c9b367,Walking,27.42,1961,0.86,760,285,119,116.07
2020-11-26,5aef6c69-0e88-4403-8052-6b24aae79ff4,Running,14.62,3114,0.29,1390,280,70,560.6
2021-04-12,a0f10d7f-7033-4b46-9d84-9831ac4b3cb9,Walking,28.11,407,4.69,1007,115,107,12.97
2021-05-03,1cb1550e-65a5-43c3-b301-da82885e9f3f,Cycling,8.85,774,0.74,1087,7,100,1.82
2020-08-01,1f2cb2cc-e728-4d7e-b15a-1a2fc50152fa,Other,25.4,2194,0.71,798,153,82,106.53
2021-03-01,3fcd24f3-c055-4757-9bd9-c4355749201e,Running,12.61,1449,0.53,1407,199,96,138.79
2021-07-02,145bc4bb-12b0-4919-bb90-9353c4ea7f43,Walking,20.35,879,1.45,1089,58,87,20.38
2021-05-02,63d50655-ff4d-40dc-bb45-987ad21916b3,Cycling,7.22,916,0.48,985,172,109,46.76
2022-04-07,f051185a-55fa-4a0f-b4df-1d9aacd477ca,Walking,4.51,1330,0.21,702,261,143,55.03
2022-06-20,18a1fb0a-e21b-4127-9c82-38d57c2f9577,Walking,9.89,3035,0.2,821,319,83,312.07
2020-11-29,effc291a-5f06-4358-bd05-a871411ee800,Other,13.83,214,4.61,1026,228,72,19.49
2021-06-03,1fb25bae-0cda-4425-82dd-fabf414a68b7,Running,26.21,1897,0.85,723,425,72,263.19
2022-04-22,44f1aa91-d17a-45da-bf2c-b06be16cf5b8,Running,10.01,962,0.63,767,3,126,0.58
2021-09-12,6d2815ea-6d11-4833-981a-82461c5a330c,Cycling,11.53,3141,0.22,1409,264,149,261.68
2022-07-12,85d2e080-989c-4b42-b7d0-f5baafb1c740,Running,21.58,62,21.58,1075,145,133,2.34
2022-01-17,56434fa4-4455-4122-955e-bf603ac7ab10,Cycling,8.34,1987,0.25,1195,197,99,158.66
2021-07-04,87ab94d5-55b7-47a1-8280-4597e7ea0913,Walking,5.98,1414,0.26,527,196,135,35.2
2022-06-08,bd7ef43c-3034-4832-b8e2-1d7024dd3168,Running,19.29,1160,1.02,1241,224,72,146.03
2022-07-08,ea2fd04a-9103-4091-9946-810bb8fcb166,Cycling,20.73,2739,0.46,528,150,81,88.13
2021-10-04,fde84fd7-0d27-49f6-8e89-d53e11ba6c4c,Walking,19.43,854,1.39,1055,360,88,120.66
2020-12-20,4073c2f4-2b0b-43b9-b850-7618b92e40c7,Running,28.7,1677,1.06,1470,202,121,132.89
2022-02-11,2e273c81-5cb6-4d0e-b83b-73e6bd6ca966,Walking,28.06,2126,0.8,1198,308,78,331.85
2020-08-25,a97c4e82-f6e9-4a7b-b877-70585a75be73,Cycling,15.63,1595,0.6,1400,410,143,209.13
2021-12-18,4ea598e3-a676-430c-a3f2-78528403cc47,Other,9.46,2519,0.23,1094,343,119,259.39
2022-06-26,21c39c5a-8107-4f26-adc1-16a99373ad45,Other,6.69,2093,0.2,885,399,102,231.6
2021-09-28,4924315e-a5a4-4d31-8aa5-ec298aded2de,Walking,2.91,334,0.58,599,248,125,11.93
2022-08-11,12efba9c-48ab-47fd-aa29-b6c0faf79e01,Cycling,26.69,3415,0.48,1148,283,149,242.48
2022-05-18,c8a81efe-3385-455c-9be9-5f543c0e54a9,Other,20.21,476,2.89,504,417,144,20.41
2020-12-10,04034162-82b3-42b4-95ad-863a379a8207,Cycling,8.99,884,0.64,1113,316,101,97.83
2021-02-13,be695dca-e52e-40cc-9eb5-a2dd84c70150,Other,7.44,2123,0.21,539,223,135,63.09
2021-10-03,687cd94d-a6b7-4dfa-9d9e-c852ac6af7bb,Walking,11.85,750,0.99,1421,252,62,138.27
2022-02-26,5747d9e1-1b5a-4404-97fa-d3ddac1961a3,Running,28.79,878,2.06,513,90,66,19.55
2020-09-25,4f68b333-b300-4ee0-8caf-60627fe4ae39,Walking,10.24,1967,0.32,748,430,60,343.08
2020-11-07,e54d3e3f-e985-45c0-b3ee-dfbe09c55326,Other,7.18,1420,0.31,519,148,123,28.93
2021-09-20,a5d7cb53-d7d8-4716-abf7-fc4ba1205648,Other,27.52,2803,0.6,1500,18,83,29.84
2022-06-16,f28d494d-56ae-47b4-8acb-3605393b797d,Other,14.88,3509,0.26,627,337,78,310.07
2022-01-28,d711d1ef-442a-4927-945a-bbbeb2363056,Cycling,6.62,1909,0.21,1500,397,69,544.13
2021-04-29,5bbb8b20-fdb0-44da-9924-6f879af84522,Walking,26.88,445,3.84,1177,376,118,52.51
2021-09-30,628fb031-cc5a-496f-a7af-d2db1d574198,Walking,28.11,3549,0.48,527,158,62,157.3
2022-03-23,3f437a40-a84b-4540-8b5a-c5905517a3a9,Running,22.56,740,1.88,1241,161,105,45.67
2020-11-29,33ce6a1f-3d95-4428-a0a6-36e9ed4e31f1,Other,7.2,1104,0.4,1063,78,62,48.14
2022-06-04,64d324c8-81fe-4a30-8ef6-cf079de3abd5,Cycling,17.42,2175,0.48,1197,173,93,161.62
2020-10-31,615272de-eff6-4a7c-a0c9-d9b91d37c3c7,Walking,7.19,2667,0.16,1275,280,93,345.0
2022-02-16,faad428f-a2f8-4c4f-94bb-789096a58853,Walking,29.74,2225,0.8,1136,35,147,20.11
2021-03-24,c27681d7-1569-43f3-8421-9d0ebea80281,Walking,29.12,1212,1.46,787,206,71,91.09
2021-03-05,c0656da1-5eae-4eb5-8e7d-c0edcd6d2854,Running,13.76,1533,0.55,1144,216,75,164.86
2022-08-18,4b57dc30-e5be-4d6a-9bd7-be28423165e0,Running,28.45,2859,0.61,698,132,142,60.52
2021-03-11,7950989d-1be5-4fb0-b16c-4df976b65672,Running,25.55,2308,0.67,1261,330,97,327.19
2021-02-20,eebc36d4-9ec4-4359-9f1d-754914f00940,Cycling,12.81,554,1.42,1341,383,102,90.85
2022-03-31,79a0378b-f1ae-4b04-aa09-2c3bdc7ebac2,Running,16.09,492,2.01,549,144,116,10.91
2022-01-31,4a3945fe-55f1-42db-98ca-1e5b368e471f,Cycling,14.96,1483,0.62,1103,368,105,186.55
2020-09-26,d98eceec-2383-4fc1-a6d2-1d6032e3460b,Walking,15.14,2080,0.45,1234,293,82,296.7
2021-04-06,88e0034a-73e4-4cb6-876f-c74dbec73251,Running,23.93,3450,0.42,628,483,114,303.2
2022-03-26,311e1449-8b6e-4dce-9a3e-e93ec255e018,Running,5.13,2611,0.12,780,189,99,127.32
2022-05-30,e03c0945-0494-4108-bce6-4f75d8e7bc22,Running,28.34,388,4.72,1053,425,143,37.58
2021-07-27,e5b5b4a3-64f7-4a29-8d82-ed7b62a2c2a6,Cycling,20.75,727,1.73,1079,380,113,87.04
2022-05-16,78b77ab7-2aba-4aa7-a23f-98e65fd6c135,Other,7.09,2170,0.2,904,226,69,209.93
2020-12-10,2b3d9246-7ba3-4d08-91c8-36ba96bf25f8,Cycling,23.82,1296,1.13,1169,131,137,47.13
2021-07-26,6ce243cb-64bf-4bfe-8869-469cc41273e3,Cycling,16.92,123,8.46,1056,245,79,13.1
2021-07-01,28673ae9-0883-4e63-af82-00c2d48e458e,Cycling,9.71,1265,0.46,1227,156,76,106.33
2021-06-13,2e6847fb-1aa0-4cab-9794-d8dbe1df9d4d,Cycling,17.36,996,1.09,865,172,139,34.09
2021-06-29,277d3f21-4d76-4919-aab9-177d3c0ef2b5,Cycling,29.91,1407,1.3,1179,141,86,88.95
2021-10-23,05a44405-09c5-4030-a9ec-904ab80b7628,Running,9.11,658,0.91,1220,322,98,80.26
2022-07-07,b57b93a9-cdf4-4cd0-b0eb-75d7b6a006b9,Cycling,2.88,2485,0.07,1491,230,120,235.15
2021-04-25,80572c83-6ee0-44df-bd8a-083ce3358818,Running,8.22,2817,0.18,1139,343,103,346.43
2021-04-18,c2b032fe-5713-4fde-ac4e-5d13ec8b575f,Other,11.01,508,1.38,1308,324,66,102.46
2020-12-06,741e4f2e-51c4-4a08-a01f-5bf2fa6c0faa,Other,12.75,837,0.98,796,85,82,21.47
2022-04-23,534940f0-4e4b-4de9-876d-9f7e301f66df,Cycling,26.37,308,5.27,1491,408,90,67.64
2021-09-01,67ecd085-18d8-4db0-9a1f-0f7fdd4bae63,Cycling,25.73,3433,0.45,661,34,70,36.71
2020-08-17,c09b6663-77fd-4f4f-84b9-930d33dd918e,Other,5.78,1852,0.19,945,202,105,110.61
2022-05-31,9087e489-408b-44cb-ab30-2b6fe1ea6a82,Running,9.54,2746,0.21,766,304,135,156.72
2021-09-28,00500524-a28c-4f3d-b31e-3f4b14e917cc,Other,7.8,3386,0.14,1155,133,129,132.69
2021-01-27,22539cda-f549-4842-a758-09485827c998,Running,11.48,604,1.15,1291,281,136,53.26
2021-08-16,0d2fe00f-3b4b-44d4-9e92-f0b95e7580a4,Other,19.23,2446,0.48,1474,217,127,201.8
2022-04-15,f1393057-6101-440c-9fe0-43b4811fa637,Cycling,27.3,3563,0.46,864,246,67,376.54
2021-12-27,43aebbe5-7ed6-489c-9b9a-74a06cbc04a6,Cycling,25.31,2608,0.59,771,361,98,243.67
2020-10-06,8c6ec2c2-7435-4346-8001-004852d0bf37,Running,10.32,3218,0.19,1335,22,73,43.71
2021-08-11,9c73faed-aa6f-419e-b90a-2c031dae0d36,Cycling,22.04,3446,0.39,1055,358,78,547.29
2021-04-14,2d511e7d-a527-4d89-899b-00f97a4d4cde,Running,29.24,2039,0.89,700,342,114,137.99
2020-10-31,fdd2292d-c6ea-4f81-8504-d8d2cffbc923,Other,12.14,1619,0.47,643,310,130,79.21
2022-06-04,48bea12d-fcfe-4dbe-854b-4cd1148c3382,Running,6.63,2392,0.17,1153,216,146,133.05
2020-11-30,43fa21ef-2921-4b6b-8a6d-ad5f834c9c9b,Cycling,7.43,736,0.62,1255,312,66,142.19
2020-09-02,03dede73-98e0-4879-a9a3-96cbaf4a789f,Other,22.81,2571,0.54,812,484,147,225.86
2020-11-11,39f902cd-669c-4278-a13b-82f42cabc32d,Running,17.86,1501,0.71,717,57,63,32.64
2021-04-28,40b7ecac-4f98-4f90-abe1-b9cf80a8caeb,Cycling,24.2,2922,0.5,957,244,102,221.6
2022-06-29,90117a72-51be-4222-9a38-b35ade7d6ef6,Walking,15.99,2236,0.43,1200,176,143,109.84
2021-02-08,53e8f500-982a-432b-9dc0-1bd9607612b6,Running,6.16,3068,0.12,1118,301,98,352.54
2020-11-25,c0019a7c-aff5-453f-994f-165bc351aa59,Running,21.44,1539,0.86,974,413,79,253.89
2021-05-29,be05a843-3462-44cf-b8ec-ae07752bb5c4,Cycling,15.25,3276,0.28,882,350,144,233.52
2021-10-25,af28aea8-abb2-433f-87c4-52168c584ca3,Cycling,28.72,2151,0.82,941,145,76,125.76
2021-11-18,0f005f22-2404-4abd-82ee-0688b320fbea,Running,12.17,269,3.04,947,2,120,0.13
2021-09-02,b1d4444c-7570-4fe9-9ca6-4e65bacffc50,Walking,14.64,2340,0.38,841,223,124,116.54
2022-06-01,6d41a8fc-3dbb-42db-9fc4-0ee33f174cb4,Other,21.95,239,7.32,1353,268,100,21.75
2021-10-30,2d3c6229-7a03-4cb8-ae4e-b468c998f433,Cycling,14.45,2327,0.38,1130,267,139,165.08
2022-08-26,26173594-5f42-4c8d-974b-d3fd36134b09,Running,25.42,1926,0.79,680,399,126,138.58
2021-10-07,93db9adb-244a-4f1e-98b0-20687ff533ed,Running,24.22,2708,0.54,1012,287,60,434.23
2020-09-04,69f6a63c-312e-432b-bd74-54cf81d4dd39,Cycling,12.79,1323,0.58,1272,439,61,403.73
2022-03-24,bb98e338-7bc8-40e2-bc2b-40b75e93b15c,Walking,27.49,3474,0.48,1058,275,146,228.26
2022-06-09,9b160408-4840-49b1-9d6f-e54cad1fcd4c,Running,19.31,2084,0.57,868,302,60,296.01
2021-08-21,50c873c1-af84-4eec-b3f7-e4b6fb4ef3f7,Other,9.39,2608,0.22,1218,400,99,420.09
2022-08-24,25c56448-7025-4409-b7e0-bde434b3a380,Other,6.52,2565,0.16,825,370,105,236.93
2021-02-17,2e53366c-56ab-4409-915d-eb2278b25306,Other,7.5,1653,0.28,1122,173,77,135.05
2021-09-21,f47d6aef-724d-4551-b408-7ad5e11d9a02,Walking,20.21,810,1.55,1421,178,125,52.77
2022-01-04,6097e07b-4b79-4d80-869b-367d84fccd51,Running,12.74,143,6.37,730,243,67,10.59
2021-03-21,294b1fdb-40d6-441b-b5ca-b3daacf2d819,Walking,16.15,1612,0.62,1308,383,109,239.44
2020-08-25,f41b42ec-040f-47f8-8847-ddda2216c806,Cycling,18.1,3276,0.34,822,464,118,344.14
2020-11-17,55e1c148-14a9-4f26-9a3e-510ea5ebdb02,Other,26.58,1915,0.86,783,141,75,90.99
2022-07-02,213ba884-5b07-4f94-9b71-7baf1c0c00b8,Running,7.14,1692,0.26,890,53,80,32.38
2020-11-13,7225af98-7577-47d1-a2dc-f38d8a7259b4,Cycling,5.91,2955,0.12,1257,206,147,173.51
2021-08-03,ebcd9f45-5fb1-486f-b76c-029c753d74bc,Cycling,13.09,3563,0.22,887,255,77,349.56
2022-07-17,400f6133-4ce7-469d-89ab-c2f3b4013e47,Running,16.2,70,16.2,1134,403,120,7.62
2021-03-03,176c048b-344a-42b0-aae4-e45f0d56c7a2,Walking,10.49,183,3.5,1207,124,73,12.29
2021-07-05,fa8fac18-0634-4e24-a717-e040b8d4deab,Cycling,29.23,2659,0.66,909,59,69,68.85
2021-07-01,85d49672-c56d-4102-bbbb-da142b3efcd7,Running,13.96,2648,0.32,944,45,73,50.77
2021-09-05,1aa1cce5-109d-47f9-b2c1-821263603bc2,Walking,3.1,251,0.78,530,488,140,14.68
2021-08-27,fe318245-da0b-4297-b84e-bfbd2b78ab23,Cycling,28.37,2412,0.71,519,480,146,136.36
2022-03-11,ed535787-6b24-4405-b58d-fd11ece48936,Running,20.33,553,2.26,992,312,80,69.6
2022-07-23,3a7541ca-0d6a-4f83-990f-04012bfbca6f,Running,12.64,2170,0.35,1295,380,141,252.08
2021-06-27,f42d7b5b-f4fa-4154-94be-8ebadc71d1e2,Other,5.38,1475,0.22,1393,63,124,34.61
2020-12-22,a7d5073a-bf4f-4a30-b578-60affdb953ea,Running,14.26,1046,0.84,547,289,119,45.1
2021-02-06,f66e9f00-fed2-42cc-a05f-8f7cfae2ce5d,Walking,25.28,2016,0.77,1007,185,144,84.95
2021-05-04,2caaab7b-c705-4e05-8a55-366747a3f5d3,Walking,2.57,2315,0.07,1500,491,84,643.81
2020-11-10,a9ba194b-192c-42e1-886a-4c11ab8d98d7,Walking,6.19,3073,0.12,799,158,96,135.67
2022-04-27,8d7e846d-7b4c-4c4a-95b6-9dcbe8455f46,Cycling,2.92,3271,0.05,742,332,93,309.39
2021-08-14,046f650c-556d-4cdb-94cd-ae4062b753cf,Walking,22.49,3407,0.4,697,313,146,168.03
2021-08-03,5489a4df-c248-459b-ab9a-4b435cff14e8,Cycling,14.42,717,1.31,1250,324,128,69.66
2020-12-22,8eb4a7a3-b25d-4ac0-a44f-51a6ae122f4e,Cycling,2.6,464,0.37,944,323,107,40.05
2022-03-09,f2c6cf2f-8b9e-442a-9f21-75165223dd5a,Walking,9.72,2447,0.24,790,324,80,259.16
2020-10-04,735272c0-5fa4-4cb8-bae3-7e46becde0ba,Other,3.32,1576,0.13,520,48,118,10.8
2022-07-22,9c78ad31-f521-4990-83a6-273b6bcb80ae,Running,16.78,384,2.8,1304,355,110,50.44
2021-08-31,c4104117-e8eb-49ca-93cd-f0f8399bf17e,Other,4.08,3100,0.08,1103,138,83,187.06
2021-07-13,817799e2-a5c6-4b72-b347-6e2bdce6c9fa,Other,7.62,1985,0.23,968,335,130,165.29
2021-04-09,867192f4-1acd-41c3-b286-8e85c944b76a,Other,16.38,190,5.46,683,470,112,17.2
2020-09-06,cb0a4969-6e99-400b-a474-b6d9d028ec4c,Running,4.24,2920,0.09,1224,345,87,457.34
2021-11-19,8f401fdb-61e1-4d33-8a4f-88daee42f6c2,Other,9.15,82,9.15,752,388,89,6.56
2021-12-15,2cd7df6e-a2c9-4be9-89f4-ce89ee3324c7,Walking,25.73,2907,0.54,1343,359,108,425.42
2021-04-23,1b70035e-df6d-41ad-a036-726b77e11e5c,Running,11.52,3279,0.21,1009,214,124,191.05
2021-02-09,00496835-1e68-4be7-bf44-8049bf722ff7,Cycling,20.37,3034,0.41,1314,5,78,8.37
2022-07-27,8f7bbd08-2d91-4531-8e2b-98c621242268,Walking,23.67,1322,1.08,976,166,100,71.02
2022-04-13,94c28b2d-21f9-4b35-9949-f5611b2b77c7,Other,2.61,1092,0.15,882,294,149,60.56
2022-06-03,6fa736e4-e17d-46b3-87e0-71ceb2280aa9,Cycling,18.69,1181,0.98,1413,93,65,77.11
2022-08-14,1db9ec16-b657-40b9-b627-ab6358c49a38,Running,19.72,3406,0.35,855,480,126,367.03
2021-12-18,10957d0b-72f1-4104-93c9-e9c12258db69,Cycling,6.91,1463,0.29,1101,330,85,203.7
2022-05-07,3c48f3cc-adcf-42b5-8956-86a06153ac0f,Running,25.62,3108,0.5,1180,468,117,483.71
2021-04-20,53d2ce1e-739a-4139-816b-21cb930b0f8b,Other,11.04,318,2.21,940,229,88,24.44
2022-07-15,fc8e88ed-9c9c-43ce-aea1-0ec894dcb2b7,Walking,4.43,278,1.11,775,39,93,2.59
2021-02-09,61ad35e3-1e56-4b2d-8551-e18e869e9e15,Walking,10.37,192,3.46,1423,376,103,31.14
2022-03-03,e315fd9f-5ca0-4030-84a7-eccbff563994,Other,26.39,2521,0.63,984,277,103,221.7
2020-12-30,ac8f4162-9392-4315-a478-93c634ef2919,Other,4.38,1133,0.24,916,244,82,99.49
2021-05-28,206e8680-cd03-4ce0-977c-5e2600aeb18d,Cycling,16.43,996,1.03,893,158,110,40.92
2021-03-19,954ba793-fde8-42d9-93f0-db23547aae99,Walking,19.23,1756,0.66,1233,6,93,4.64
2022-05-26,c06f5fcb-b56e-4a2e-9eed-924393dfe1b2,Running,15.31,3178,0.29,937,243,124,193.88
2021-06-07,9f20287f-d683-4cc3-b2e7-9540b8a991bc,Other,3.22,2105,0.09,959,6,68,6.05
2022-01-28,e9d33270-e3a6-4604-880e-0573b6b688e8,Walking,21.97,2486,0.54,1038,431,139,261.89
2021-02-06,71cf8a29-b28d-422c-acea-d55fe2399de3,Other,8.92,3459,0.16,1141,368,146,320.67
2021-10-31,7d3315df-e669-4f0a-a5b7-9023bd451692,Cycling,3.08,1718,0.11,600,136,131,34.88
2021-10-27,2bc96589-916c-4f33-9646-28f838f13000,Other,15.66,810,1.2,954,360,145,61.82
2022-07-04,90709536-b538-41a3-9a17-23c2f69af762,Walking,17.45,118,17.45,765,429,69,9.51
2021-06-17,c927410e-5de5-4a7a-a25d-83c328b166f3,Other,11.43,3004,0.23,828,376,110,281.3
2020-11-24,cccc887b-e6c8-4edc-9e0b-413fca51ba31,Other,21.47,993,1.34,602,483,81,115.03
2021-03-12,3d2a132e-d9e2-47a3-9bfb-ccca880c66d5,Other,27.43,1181,1.44,1369,324,67,252.21
2020-08-11,656026a2-d3e2-4878-a33d-8d81ef4ea795,Running,10.14,246,2.54,522,280,113,10.33
2021-03-10,8aafb04c-3ce1-49b8-9458-1686503e83d5,Other,3.85,677,0.35,1361,457,125,109.47
2021-11-16,a20b2687-eacc-4f49-a095-6897564e0826,Running,19.52,3285,0.36,1393,413,110,567.17
2021-09-12,31382a87-b819-4a53-bb8b-f0c3e2804e73,Running,22.5,2585,0.52,1260,16,73,23.9
2020-09-06,be76cbeb-efcb-4346-baa6-3ad6ffc3d096,Cycling,15.2,720,1.27,1151,326,73,123.04
2021-11-07,9fae7ae7-6afe-4df6-a8d2-45a771fcb43f,Other,28.1,792,2.16,507,308,103,39.45
2021-01-12,bb054356-71ec-48b6-a24d-fda06f9bdbd9,Running,11.97,2037,0.36,1034,235,147,109.92
2021-10-02,06c7c564-87c6-44b6-b3ef-03938b775f19,Running,18.61,593,2.07,1273,379,62,139.92
2022-01-25,fa558084-bcb4-4674-94f4-456008274390,Running,11.63,3313,0.21,938,238,68,363.63
2020-11-19,3b299fad-e4ce-47f7-80cc-dc23228657a1,Walking,19.27,2892,0.4,649,360,79,284.95
2021-03-11,985c9e03-cd81-4697-8273-ad0a0fc37352,Cycling,24.61,3433,0.43,637,247,66,272.88
2021-05-20,979666f7-e89c-43a2-bc5d-8986ee3c7886,Running,27.04,1668,1.0,822,313,99,140.55
2022-03-04,b7032700-60c5-4ecd-8a7e-144d72be6e8a,Walking,5.19,278,1.3,1201,418,74,54.17
2020-12-06,88adaf52-dd62-4299-8573-3bae9e597ac7,Cycling,23.94,2017,0.73,641,122,76,67.49
2021-07-17,898fe2ff-ff0b-470f-adee-b56c7db79b58,Walking,22.79,885,1.63,841,431,142,71.38
2020-11-15,e5af05a3-8d0e-4f8f-9d49-bab5fe2b10a1,Walking,11.17,1100,0.62,578,318,121,54.73
2022-05-24,53320937-9a70-49c0-9bef-b3b767ba83ac,Other,9.1,2856,0.19,853,91,133,55.91
2022-07-12,d83df4b2-8815-43f1-a728-9e457f0fc324,Other,11.17,2657,0.25,794,354,150,167.45
2021-08-10,c576c4a1-b7f9-49f2-9c6d-dc28c7cbe4fb,Running,17.81,1271,0.85,1214,429,110,198.41
2021-03-05,91e44771-480b-412d-a059-c023f6e5bd71,Cycling,14.57,2999,0.3,548,105,69,81.0
2022-08-01,506c355a-0068-4d72-956b-29255e1858cd,Running,23.77,3488,0.41,1194,225,95,327.9
2021-08-30,79f121a5-a3f9-47d4-9e2b-c07e913d36d7,Cycling,20.96,3099,0.41,849,273,76,311.81
2022-04-02,ff2a0774-7bfa-4349-83d6-fad4b5ea56df,Walking,21.35,3085,0.42,604,14,109,7.89
2020-10-26,77dd53b4-2c99-4ca1-8ead-a8c1658abeba,Walking,10.24,2750,0.23,1098,343,147,228.13
2020-08-09,ed9dbaac-4887-4041-88b2-f9b27b23bbe4,Running,17.6,2878,0.37,889,156,128,103.08
2022-09-03,2999578a-e14d-4636-9896-5faf5dfe9a5c,Running,8.98,2360,0.23,667,175,108,84.4
2021-03-23,55f6b1e9-56e5-4478-abd1-88d5b12ce079,Walking,8.88,3474,0.16,705,430,113,297.78
2021-09-06,7888cd88-15f8-4798-b102-a154b0051397,Other,24.53,243,6.13,897,256,122,15.06
2022-05-08,f882d8c0-2ee4-402b-ba31-d9aa699bb3a0,Running,18.31,3220,0.35,754,13,96,10.68
2020-11-20,2e3c8c35-92be-4228-8c6e-c5fa8bfd7bea,Running,19.68,363,3.28,553,232,104,14.8
2020-12-17,b7d6b656-c48e-40ad-8f27-ec4dc40ff2b8,Walking,26.41,1747,0.91,1347,195,108,141.17
2021-09-16,002b58e6-7317-43d2-a6b0-cc7389cbee21,Walking,10.11,218,3.37,848,465,120,19.72
2021-02-11,6a7b6784-0846-4397-998a-cd41a9235300,Running,14.89,3004,0.3,1183,391,120,382.63
2022-03-28,6de7c513-cccd-40a6-a553-ca4f05e0b8e1,Running,12.04,724,1.0,1362,358,103,113.99
2022-08-01,3421135b-ea54-4dff-8cd4-2d46413da1ee,Walking,10.83,660,0.98,900,436,113,76.75
2021-09-06,f030c147-74a2-433f-9033-5196d4ce3f5b,Walking,23.61,2998,0.48,797,90,132,53.46
2020-08-16,d60d7598-46bd-418a-86c7-f1eb43883782,Cycling,27.54,2855,0.59,577,3,133,1.22
2020-08-31,f75d64ab-6854-4ff4-9d14-22152289c71b,Other,7.89,2604,0.18,1235,182,95,207.42
2022-03-23,7fe98d21-aa2e-479e-8ebc-7e0fd63b909a,Running,5.62,304,1.12,905,41,65,5.73
2020-12-12,d47e78ed-25f8-45a2-b43b-2d132ac5e46f,Cycling,7.77,1530,0.31,1032,401,88,235.74
2022-03-04,7ee54aeb-ab62-43d9-a363-1b3cd837f151,Cycling,26.69,1424,1.16,1491,22,73,20.68
2021-01-07,52e488ad-382e-4c51-a06c-115fa50de982,Walking,18.61,1886,0.6,913,429,109,222.91
2022-05-04,085282a2-ef0c-4ecc-b231-a27375905f47,Other,18.1,377,3.02,1457,143,119,20.99
2021-12-23,fd532dbb-0caa-4dc3-bb77-095282d189cb,Other,10.95,1902,0.35,600,51,82,23.35
2022-05-27,cc1e1c2b-3173-4697-9da8-9f133c60f728,Walking,25.92,2683,0.59,1103,123,134,88.96
2022-03-18,ce3896d5-b439-4b4f-89c9-f2992507fce5,Other,2.36,1650,0.09,698,479,95,184.57
2021-11-03,c41132ab-55ec-4796-907b-01fd063e1ad1,Other,9.1,1422,0.4,616,120,63,53.39
2022-08-11,965da323-bd4b-4685-afc0-6811908c0de5,Cycling,15.29,97,15.29,1390,70,146,1.33
2021-11-11,c153f772-310f-4d80-b60a-5a31a6e117c0,Walking,19.36,1813,0.65,831,194,149,64.45
2022-05-25,59962682-5c34-458c-8d46-d1c2eeb551e8,Other,24.53,74,24.53,665,307,145,2.82
2021-07-29,7edd8f45-c59c-48df-bc88-d4b5b9be71d5,Running,6.68,3015,0.13,1193,466,65,878.97
2021-04-19,9c3a5ec9-8202-49f9-9d3d-8ad14ed4ed48,Other,29.35,1445,1.22,676,374,90,135.16
2022-03-05,54e37ceb-5088-4598-8448-4954f73d1b68,Other,19.3,2713,0.43,667,393,120,196.09
2022-04-13,fbd313a4-f0cb-4f10-876b-37d05f1c1830,Running,26.04,1882,0.84,1045,320,108,191.97
2022-03-14,9b37650a-495d-42e5-bf64-c692682b376e,Other,10.92,2790,0.24,714,301,115,170.06
2022-03-14,dc66440c-c936-4f47-9082-79eae545001e,Running,3.42,2652,0.08,1410,274,71,465.24
2022-05-02,00792af4-5dc2-40f6-8cee-c0c78b5391a4,Other,14.56,694,1.32,936,151,111,28.09
2021-11-06,4fcfbda6-534b-408d-94c7-446b8661cb35,Running,7.01,2233,0.19,715,19,125,8.02
2022-01-09,82eadc3b-413c-4599-b368-a79573a6a188,Other,18.57,1064,1.09,1295,370,86,189.84
2021-07-04,044e6df8-d572-4aae-8d18-a55250d806ab,Running,8.58,2664,0.2,1033,124,149,73.76
2022-08-24,d135abe5-e820-4ea4-88d6-11414e9d24e8,Running,25.57,753,2.13,1285,259,129,61.94
2021-07-13,b9b1d610-ccc3-4ea6-89a7-ca454449531a,Other,23.62,2136,0.67,1468,408,74,570.68
2020-09-29,50ec849e-75b6-4e9f-b716-f4fa32bf9773,Cycling,7.58,1145,0.4,549,162,95,35.48
2021-12-29,df836a49-0816-4375-b277-04ae84201948,Other,20.13,1544,0.81,838,12,97,5.15
2021-01-02,a1d94edf-9764-437f-8aad-f37995bbd550,Cycling,8.53,600,0.85,739,33,116,4.22
2021-10-01,c2e74e3c-ca34-4f5c-8855-60d5d18b1491,Cycling,10.86,2111,0.31,810,186,92,114.74
2021-03-31,5bdb0972-ab91-462b-9433-23663ca84c68,Running,19.28,3417,0.34,906,166,79,215.91
2021-09-22,550f2d1f-76a3-44b0-9a17-9d84229346c5,Walking,13.99,3318,0.25,524,115,89,75.78
2022-04-01,f0922c04-4664-49a9-8316-de0ca6c6be5f,Cycling,24.25,2594,0.56,1215,358,136,277.0
2021-02-10,4a578a2b-8fff-4c87-92bc-943aa8af48d9,Walking,27.71,2754,0.62,711,152,133,72.63
2021-06-14,7368dd98-e9ac-4ca9-a2d9-b93c26797b40,Running,8.79,2594,0.2,1376,340,142,289.6
2021-05-02,64f4469c-bb46-49c1-82e1-207e3389fb05,Cycling,10.78,2625,0.25,1047,409,131,281.91
2021-01-09,d7a78b52-9cfb-4778-ab98-53797a0f76b6,Walking,4.95,1871,0.16,829,361,119,155.61
2022-07-13,6e958889-d1d1-46ff-a1e2-9ecbc46d35e7,Walking,22.11,3070,0.43,851,136,112,106.27
2021-11-25,9e08d10e-6d9b-4b1a-87bc-eecf2461030d,Walking,25.61,662,2.33,533,211,107,23.11
2021-07-13,81416f50-3367-4ee8-bce2-44699bce85f8,Other,4.28,3374,0.08,1052,98,62,177.92
2021-08-16,1693b04f-761b-4678-b8fb-29bffc52dd87,Running,3.86,177,1.93,933,420,126,12.44
2020-12-05,793dfc4f-fe15-4240-b237-596b6e57aad1,Other,8.4,1895,0.27,1290,12,74,13.02
2021-07-04,a5954cd9-6508-4704-98c8-6c647c4be36c,Cycling,14.03,2241,0.38,1305,200,93,207.23
2021-08-23,3b428c93-9216-4422-b10a-f66b81a4d69e,Other,13.51,2362,0.35,765,217,61,210.09
2021-03-09,251c49ee-63d7-4d29-8112-bf18b5a083e8,Cycling,12.54,2952,0.26,1301,429,110,489.44
2020-08-22,59b79591-0f51-49f4-896a-da77f730b27a,Running,15.52,1855,0.52,573,444,133,114.18
2022-07-23,922d056d-83dc-44ce-8b59-86f7e540d83e,Walking,21.28,329,4.26,1462,300,145,30.22
2021-09-21,f2304539-2bff-4a13-bdd5-bdb8925b6eea,Cycling,19.86,1443,0.83,1292,6,64,5.8
2020-09-21,6aa561a3-c06e-41d5-baad-0671d0700d55,Walking,5.33,2844,0.11,1095,219,123,188.94
2022-05-05,abb1bfb5-922c-4c7d-99cd-6189d0e2a22c,Walking,26.46,1960,0.83,1424,331,105,286.21
2022-08-08,1a4e95c4-467d-461c-9613-1fb8e351264b,Walking,6.67,901,0.44,1176,375,80,167.13
2020-09-20,63cdc4a4-bb3f-4c79-a4f9-ebdb1866209d,Walking,24.47,1307,1.17,1420,256,106,143.45
2021-08-13,a0c65df5-841c-4566-b5f5-98a15edea6c8,Walking,6.88,1136,0.38,1445,303,75,211.39
2021-04-12,71b10b25-de83-40c2-af25-a826cb52b711,Running,16.83,2072,0.5,1245,112,87,107.9
2020-12-25,164edb8c-2b0d-44c7-9470-0a2c3fa65f42,Cycling,6.94,936,0.46,1287,120,101,46.14
2020-11-26,66ec8d16-d5f4-4b67-baac-bc211aab75ad,Cycling,20.67,2064,0.61,680,192,101,87.61
2022-03-12,88deef4f-2432-41bd-953f-9e7c1aca1ac5,Running,26.9,1854,0.9,827,351,108,160.67
2022-04-19,a1383175-1091-4950-95c8-2f02c62ed3dc,Other,28.89,2971,0.59,1163,174,131,151.28
2021-10-12,874eda29-6f60-43d8-984a-c4f26122c5f3,Other,14.49,1372,0.66,798,145,145,35.04
2022-06-23,8bb6ddca-a766-4607-a220-6e9af27e7e57,Running,17.86,2359,0.46,590,10,89,5.15
2022-01-28,3c5d19fc-3fd2-4d50-8a3f-fcb00b8fecda,Walking,16.73,1310,0.8,1102,117,122,44.2
2020-09-28,a48ce60c-a8f1-4efe-9261-f1054b80a8f1,Walking,21.97,904,1.46,1450,79,132,26.12
2021-03-26,42b22e07-049b-4469-8175-1aeab628b766,Other,12.55,3136,0.24,1006,183,67,287.37
2021-02-09,45047ba6-3894-4d97-8f2b-8cbf5c2d8c5a,Cycling,6.95,2186,0.19,772,248,100,140.07
2021-09-29,ecdae212-0fb6-4de2-ba44-29be1ca41889,Running,10.08,1188,0.53,660,498,134,93.3
2022-02-20,74267701-7e29-4238-8efe-5caf746404e6,Cycling,12.29,566,1.37,847,227,140,24.64
2021-06-20,18922a68-0a25-40cb-b616-e535fcf04d2c,Cycling,13.49,1501,0.54,653,86,91,30.83
2020-12-22,1391452c-f242-45f3-800b-3cb99e46a474,Other,19.31,1255,0.97,1500,426,122,208.54
2020-09-13,dda0f615-238e-49a2-b666-cc5b36a2bd11,Other,22.98,815,1.77,760,21,73,5.68
2021-01-30,acdeb1c9-67ed-4acc-b3a4-3aa4a213a7f7,Running,4.53,233,1.51,948,439,87,28.7
2021-10-07,99b6dccd-1586-401c-b0aa-1b2b7c7005f2,Other,24.27,2670,0.55,564,46,122,18.77
2020-10-24,c4525e51-a7cd-4687-8d71-52e261da4b00,Cycling,19.01,2202,0.53,982,95,128,52.28
2022-07-04,c5c02f8f-7d70-45be-9008-fb87e0b47890,Cycling,2.09,1770,0.07,1069,256,82,199.29
2020-12-16,1c0b820f-22e3-4ac6-a2b8-6d453c1e2acd,Walking,18.67,2573,0.44,733,262,79,206.3
2022-05-26,bbad7790-7f79-4eff-a7fd-eec063a44889,Running,25.43,2656,0.58,708,13,137,5.89
2021-11-29,f758cd2a-afab-4766-89e9-dc68ec8fbf18,Walking,13.77,2907,0.29,1284,212,111,232.89
2022-03-26,e4cbc906-bc97-455c-969e-292b6347108c,Running,23.72,96,23.72,1122,481,134,8.05
2021-09-02,76b8b7cf-68d9-4e4c-9da0-7032d9432e7a,Running,7.28,901,0.49,1345,390,116,134.37
2021-05-09,4be4d389-5ba9-4bf4-b325-e92cbb969c4b,Cycling,23.4,260,5.85,771,276,69,24.67
2022-05-16,c36568fa-c527-47df-acc8-91bfc76f19cb,Running,19.61,1781,0.68,972,265,113,131.47
2020-10-01,96a63d74-6136-49a1-81fc-cc81738a005e,Other,3.81,1844,0.13,987,144,126,66.12
2022-04-14,4ffe9829-0bb1-4b70-a6b5-81aed1007b4c,Walking,3.02,1474,0.13,517,73,70,25.05
2021-11-21,698745fc-e18f-414a-b337-6b194602758e,Walking,3.45,1869,0.11,619,467,143,126.8
2021-06-03,53d43075-f5b3-4608-bbdf-25f565b85208,Running,2.28,3393,0.04,1476,209,101,348.19
2022-05-13,cd92360c-1b63-486f-9841-f08e20fd181a,Running,2.59,829,0.2,1138,3,88,1.0
2021-06-09,10178c63-4564-4a9e-b89b-6f15b2ca09ec,Walking,15.64,1641,0.58,1484,277,99,223.93
2021-08-01,56d7bf30-4790-4574-8ccb-8558481d66f6,Running,16.81,628,1.68,895,306,116,47.25
2020-11-19,9e425720-65bb-4686-92fa-7dc3cb09b07c,Walking,14.77,2858,0.31,1479,13,114,16.07
2022-01-05,312e2020-1af8-4b83-aea0-4a1de6e3192d,Other,7.72,3074,0.15,823,428,124,292.4
2021-11-29,1fd00bba-8b8d-45c6-ab47-3d4662b6ac14,Cycling,13.4,3493,0.23,946,45,67,74.03
2022-01-13,736de5f3-d0b3-4f12-93ac-788689bc64d3,Walking,24.24,717,2.2,1264,107,100,29.8
2022-04-11,ff56ed0f-03eb-4d25-a0dc-237a4af79e4d,Running,11.58,3324,0.21,1459,146,103,228.08
2022-04-10,4fba1358-1810-4a30-bab9-3df5b9ec49ef,Running,3.02,3327,0.05,1427,266,133,344.76
2020-08-03,661a52e3-092e-4d0d-9fa9-84b281b79452,Other,7.38,1823,0.25,1170,200,128,107.93
2022-07-20,9c418b16-5889-4347-9eb6-29512653795c,Running,24.25,2492,0.59,640,164,139,62.07
2021-05-25,fa266d12-0aee-4276-80f4-743dbba8d9bf,Cycling,2.46,2699,0.06,1070,258,145,156.12
2020-08-07,daca2c5b-9955-4e2c-bcae-003b7d54bc69,Walking,6.37,2155,0.18,733,368,61,312.98
2021-03-12,83fb9d69-7442-4204-8368-14a8e012749d,Walking,22.73,84,22.73,969,443,136,6.31
2022-02-14,1c6d6bb4-a723-471e-9aa5-a5e8402db7b2,Running,6.2,1370,0.28,515,278,84,75.48
2021-09-03,a638ddb6-7d04-42e1-b464-f46697b2f366,Other,21.2,1608,0.82,967,245,113,108.41
2021-08-15,d4fa8083-87b4-436e-b725-d5db99585c53,Other,20.28,3355,0.37,1185,283,105,350.12
2020-09-09,66c76b3f-4f8e-4805-85c0-5dbd8d2f9eb5,Running,10.78,792,0.83,651,37,70,8.94
2020-08-27,cec8e52c-3a4a-402a-8f20-265ed0a89470,Other,17.45,2147,0.5,800,211,142,82.97
2021-08-29,4bc16bc7-5404-4431-9f93-e07b6518320a,Cycling,18.64,2595,0.43,1103,292,100,279.23
2021-06-12,bf2da8b0-4b81-4f93-a90f-20fc2ac69ebc,Other,8.88,1983,0.27,1394,60,108,50.94
2021-10-04,05dcf312-e8c2-4091-83dd-dce866aca502,Other,22.79,322,4.56,810,89,149,4.84
2020-11-21,d12ca96b-0fd2-4962-a0d7-1d28f7ed3efa,Running,3.87,543,0.43,1451,238,106,58.64
2020-12-17,7a2b9553-bbfb-4859-8db1-9993118ab180,Other,12.08,2660,0.27,1253,297,83,401.2
2022-04-05,f4a2b585-96e7-4449-a549-46f095de709c,Cycling,17.89,3340,0.33,769,376,89,352.25
2021-02-21,e31c8f7a-3687-437f-b777-e0274440645a,Walking,2.37,1061,0.14,1350,146,113,59.06
2020-08-25,b43cb2fc-d45b-4f9c-b2dc-6f5b271f3128,Running,9.53,321,1.91,1033,31,127,2.52
2021-08-22,a2479946-5af8-41d0-b608-664f35fac21e,Other,6.77,1377,0.31,893,460,140,128.16
2020-10-28,42a44996-8a79-4afe-8c80-249f3f631de8,Cycling,20.5,431,2.93,1125,82,136,9.49
2021-07-07,5408afa6-7783-424c-a964-aab397e51c7e,Running,8.28,643,0.83,1368,165,97,46.43
2021-11-11,495dd3b7-e793-4418-a634-be58556e8b11,Cycling,28.73,3149,0.55,1288,271,85,429.01
2021-11-03,07d8c014-1024-4718-9baf-22d2cd0bee1f,Other,10.05,772,0.84,1225,193,74,76.45
2020-08-26,81e53c5f-7e12-4b4d-b334-7e31bfdfe90c,Running,11.58,905,0.77,1364,369,60,252.31
2022-05-17,37e7d63d-7d2b-49a6-b0d2-f4e260a2ecc4,Running,5.22,1356,0.24,758,359,144,82.2
2022-01-07,18b48b8f-d6e2-4e55-845f-efeeb5e5ab19,Running,10.97,2769,0.24,772,174,102,120.39
2021-11-05,7c52b8fc-28b0-43ab-8840-47fdba5a6119,Walking,5.65,2744,0.13,725,270,118,144.2
2021-09-24,2d0631c8-b95e-4113-9952-1c96f0db90b5,Other,11.54,2389,0.3,1042,178,115,124.08
2020-08-02,44ab7c03-7372-4743-bac9-3698072782a1,Cycling,10.28,3539,0.18,853,484,70,673.67
2022-06-16,3b0e1876-f40f-4161-a62c-18173ac4e1eb,Running,12.9,2281,0.34,1158,82,123,58.58
2022-05-04,d92724af-01ef-4d7f-bff9-36456884b6c0,Running,13.99,152,7.0,681,175,130,3.66
2021-04-05,b74d0e84-2b38-40fb-a2ab-a36f7674a44d,Cycling,3.93,678,0.36,1317,14,133,3.03
2021-06-01,c62004e9-cb8f-4618-b4a8-a4674027869c,Cycling,4.05,442,0.58,1379,305,126,46.62
2021-08-21,f3465bc9-883d-42f6-bb1e-c9d21b80bc46,Walking,11.04,396,1.84,596,445,68,46.8
2021-07-10,55a85fc6-b8c3-4b4e-a938-c6cdc2587c35,Walking,7.26,2828,0.15,1302,120,99,152.77
2021-04-27,1cc276c7-b2d4-4f3d-8026-cfa7e682d6b8,Other,6.69,2695,0.15,543,48,92,25.27
2021-05-11,aa339641-b9ae-485b-b898-2d3358098d80,Walking,17.7,2264,0.48,1001,434,82,390.73
2021-02-07,17c583ec-ad82-4c53-86e1-9fe9d1898df2,Running,16.0,1877,0.52,882,402,100,218.19
2020-08-20,b3b0df32-ae7c-4b24-b582-cc9f6ba5dd0e,Other,26.41,2048,0.78,1249,333,149,189.03
2021-03-03,02f07779-2291-47f5-8767-f1de3de3746c,Running,25.26,553,2.81,1394,281,88,80.03
2021-04-15,26d7ffe7-417c-4d5d-9d45-68e2d5b1d4a3,Cycling,15.34,999,0.96,1489,404,91,211.26
2021-07-18,61ae49f0-ccc0-4ee1-9985-eaf6f9778ae5,Other,11.27,863,0.81,824,219,73,68.79
2021-08-23,12bce6b5-4774-48d0-adc7-11c919a799a0,Running,8.53,1563,0.33,1182,452,75,368.26
2021-01-09,e86e0fdc-7980-4dd3-a1c5-3d5344897e67,Other,27.15,2357,0.7,1327,216,91,244.33
2022-02-09,e4b4c936-6f1c-4b34-9676-a1b1ab5a02e5,Running,24.19,800,1.86,932,55,70,19.05
2022-05-28,500f02f5-f67e-43a8-8e26-9553c609c7fc,Walking,6.36,1512,0.25,1304,37,71,34.58
2022-06-20,429c96ea-ba95-48c8-bc1c-255785df418a,Running,8.41,1297,0.4,1340,26,68,21.54
2021-02-14,55fadf4d-44d6-486b-b16f-b00ab6b3cc46,Running,23.55,1664,0.87,1188,339,83,262.69
2020-09-04,78959ec6-8937-4c1c-bca8-a49b75d27d5f,Walking,7.99,2512,0.19,674,247,66,212.15
2022-04-28,1f153671-b6ba-4aae-ad96-ca444a1557bc,Cycling,10.94,1654,0.41,1375,305,76,294.48
2021-09-24,5596d93e-7494-496b-8e61-69bb0eb67af9,Cycling,14.91,3322,0.27,1212,340,144,316.06
2022-07-15,643ee45a-b0a0-4167-a446-3cf485affb6c,Other,3.89,1068,0.23,513,246,97,44.01
2021-06-13,7cceee39-cdea-4cd0-9a4d-bd28f7690d46,Walking,23.84,3402,0.43,1228,30,147,27.79
2021-06-07,05a170b9-acce-4be9-9909-074867599c2c,Other,8.5,3518,0.15,557,54,120,28.41
2021-05-29,2c5b23a2-fe9b-4faf-837d-28b89fe36988,Other,4.89,2797,0.11,602,55,60,49.06
2020-08-24,b3db429e-2301-4922-be15-f5d2b705f7cf,Walking,9.76,3275,0.18,724,335,74,355.43
2021-05-26,252b1c42-aa08-4ea6-bf9e-a8cbcce76b10,Other,26.68,2603,0.62,1354,460,91,589.06
2022-05-26,4f4f2340-3f98-47c5-840c-96cd3c7f525a,Cycling,13.65,98,13.65,1436,246,109,6.48
2021-08-24,09eca6ef-e32b-4ad7-a3d2-17ddb8e3c94d,Walking,19.87,1860,0.64,1202,467,60,580.92
2021-08-21,392c016b-b941-4b0d-89d5-46e8e105f32f,Other,7.14,1821,0.24,1345,489,98,399.32
2021-01-24,df54ee4d-aef6-4bf4-a3ec-acc3ce3c3293,Other,15.56,714,1.41,751,84,131,10.63
2022-06-01,989b66cb-4680-4d49-aa2b-ae3872f96514,Other,29.4,3494,0.51,1452,487,75,1087.03
2021-05-10,18b11cb1-7344-4d18-930a-5c141cbcd5c8,Walking,16.91,1971,0.53,1464,311,78,372.48
2021-02-23,d8273292-ff37-4409-9f84-f23df93d95e3,Running,20.91,3261,0.39,502,342,70,263.0
2021-11-21,150585ed-ca10-4f9f-a5c9-c9494685bf80,Walking,24.6,1191,1.29,652,223,88,63.02
2021-11-02,737d1983-8584-4b85-9bab-f2a0bf103246,Cycling,19.72,3184,0.37,1202,282,104,347.42
2022-03-20,e05febd8-3274-4b2e-8b4b-d3f1d29ec749,Other,29.09,2282,0.77,1088,392,97,332.22
2020-12-28,03cb52c9-3c7d-475b-9ab1-e03e86fdfc71,Walking,17.66,2304,0.46,691,418,68,326.14
2021-04-26,de5b4122-cea5-4fbd-afef-5a82c6d07b06,Running,5.35,1402,0.23,804,408,92,165.88
2021-03-07,ff9c1721-9478-4025-aacd-9dde8a3b0b8c,Walking,16.6,317,3.32,1331,493,150,43.75
2021-03-06,da5c9f36-b325-4525-9455-890dab4766f8,Running,13.25,1017,0.83,992,204,142,45.5
2022-03-08,d68716da-9633-4b25-bc0a-4d5a996dee65,Walking,5.43,1985,0.16,1076,121,88,100.42
2022-03-20,24b8ef0a-8c8c-4ee2-89a5-d812b07abbf3,Running,14.91,1068,0.88,924,374,64,182.97
2022-06-27,e8696bc4-705b-43c9-b715-6246c66ed64f,Other,14.79,924,0.99,1398,294,111,110.64
2021-07-19,bea36656-a84f-4e94-8bd9-b71124d4414e,Cycling,29.34,3049,0.59,972,75,85,85.3
2021-07-11,28215b68-2326-4bfd-8eee-f29021a68b1c,Other,19.81,3354,0.36,775,454,122,317.4
2022-05-07,b0a13624-0ce1-44ac-8948-b0a4ecfa1224,Walking,4.41,2691,0.1,1364,279,70,479.5
2022-07-02,0b159700-a66b-42b5-a736-2d031d35b53b,Other,7.95,627,0.8,979,346,69,97.57
2021-06-05,b4706eb8-5658-4417-a8a9-f3357e1c624f,Running,4.31,2084,0.13,852,377,130,163.83
2022-04-13,9c1bceab-d180-4aac-8f04-5e42bbabcb4f,Walking,3.67,1638,0.14,785,494,137,148.4
2022-06-20,1f25dbc8-f0cc-4cc2-8c82-36be91540ad9,Cycling,24.96,402,4.16,685,491,119,33.92
2021-02-03,fc8c98ab-189c-4a78-86b8-e7196cb3e9c6,Running,13.39,1819,0.45,930,109,149,40.49
2022-03-10,095fe8e9-43a5-4bcb-ae9e-f92d59bcaaa4,Running,19.86,620,1.99,1026,25,106,4.83
2021-01-19,86ce587d-1ed0-4ecd-9ee5-0b03eb2653b0,Running,9.62,94,9.62,1244,78,124,1.57
2022-02-20,84ff5564-5559-4f2b-94e8-be0e73812e5c,Walking,15.05,1395,0.65,1206,444,115,215.62
2021-08-20,c812e8c0-761f-4d2c-b71e-ee945a828b69,Cycling,19.14,2992,0.39,507,31,100,15.43
2021-11-05,69d64c45-f33a-4a42-a9b7-5feba198a46f,Cycling,4.1,2960,0.08,1311,105,60,235.16
2022-01-27,88ab4b3e-9981-405d-a28e-8f512406fd51,Running,7.17,1658,0.27,747,17,94,7.18
2020-11-24,77aa3bc2-2566-460c-ac51-3694cf9677ce,Running,12.96,565,1.44,985,101,85,21.07
2022-04-29,80270009-8ce3-44f1-a3e9-60f3a3c9378d,Walking,26.42,1875,0.85,583,250,139,65.18
2022-08-08,ec447a05-f0c8-47f5-9fbb-33786105cba8,Other,4.86,2531,0.12,1026,460,130,294.07
2021-03-27,aea0d18a-bb8c-4cde-adfe-3ad54b3f6b89,Walking,3.73,220,1.24,1171,177,134,9.31
2020-08-06,0a9b5bbc-ccd6-490b-8200-7b1fefffa28c,Running,17.75,3041,0.36,717,137,91,106.44
2021-01-12,717b5f46-d44e-4a76-af2b-a6cac96284d8,Walking,19.58,2809,0.43,1192,332,63,572.07
2021-05-29,fb3b45b3-e10e-4268-92d9-283f83843ab9,Running,22.73,867,1.62,686,273,139,37.81
2021-05-16,f6bb49fc-1b09-498d-8cd1-4dc123fa9af5,Cycling,14.06,2719,0.31,571,204,134,78.85
2021-06-04,eb5cfe27-2871-4037-ab9b-df5137f1e8b2,Cycling,14.25,533,1.78,761,144,115,15.26
2020-09-27,caed86f2-4ce6-49b2-9c91-c6a0ecb2ce31,Cycling,18.55,3246,0.34,1472,425,83,822.46
2020-11-14,a49b46d0-9678-4d8d-8319-1e42fe7fed78,Walking,20.54,810,1.58,1009,395,102,101.59
2021-05-18,6d0532e0-039f-44ba-a11d-1f2729420593,Other,27.61,2071,0.81,844,264,124,122.5
2020-08-15,63d88634-e483-4610-acfc-b39b950042d8,Running,4.47,1638,0.17,739,34,128,10.32
2021-04-24,6a9b101a-6e28-479f-9e69-7fcd32b02e5b,Running,9.81,920,0.65,854,217,60,93.23
2022-09-01,4f24d4f1-4380-4423-8c97-a66da8c71895,Walking,7.2,2373,0.18,863,253,63,277.26
2021-06-04,0d39b97e-3e9a-4df9-a37c-b51e900b2363,Walking,7.55,1844,0.25,524,437,138,100.22
2022-04-28,d129f200-b53f-4d78-88c6-48fdefa647e7,Walking,16.79,3112,0.33,505,497,67,381.19
2022-02-06,08203f1c-f06b-4fb2-a297-1a78a97f14ed,Cycling,7.03,2213,0.2,743,241,99,127.15
2021-01-23,04e3acf2-9b1d-4695-84aa-b9fa8618f289,Running,26.04,2165,0.72,993,215,96,160.86
2022-05-12,c98864f2-27a7-4a2f-b7af-0636e59ad8fa,Walking,9.82,2219,0.27,1201,312,123,221.6
2021-05-10,b2bf5602-cce9-49b3-a688-5c722b44fcd5,Other,16.09,2356,0.41,1369,18,81,23.88
2022-06-21,09868723-6cd9-441c-9f41-faebb8c09643,Running,8.06,2120,0.23,1341,460,74,584.24
2021-10-18,1cc853e6-010b-4b41-9490-8359fe20b3c0,Running,14.34,1589,0.55,1277,366,76,320.68
2022-08-29,9689cb98-7d6d-40ee-bbd8-b460195b3206,Running,27.19,3217,0.51,620,461,120,253.97
2020-11-08,2f6760cd-af08-4bd2-b694-c805f702b050,Cycling,21.29,3418,0.38,787,220,66,293.95
2021-04-30,ffd5f545-b965-4c86-be96-7ae345587a23,Walking,8.55,3096,0.17,1109,438,128,381.72
2020-09-24,5289e6f1-5cff-430c-a863-c694f25b8d6d,Other,3.98,1905,0.13,790,23,99,11.24
2022-06-04,b034d25c-5f3c-4db6-b368-39b7c4222ad0,Walking,6.66,230,2.22,706,15,135,0.47
2020-12-28,0d9967d1-47c0-4695-b456-701def75e88e,Other,22.39,1246,1.12,706,115,81,40.08
2021-02-05,0c633d2d-5bdb-43e4-b487-7c8764d5a1a9,Cycling,20.49,1959,0.64,846,233,139,90.8
2020-10-04,e190660b-8ea1-48f8-8e80-9b98faf909d7,Running,14.79,528,1.85,1281,75,142,10.82
2022-08-26,154da6fe-633e-4642-b03a-6aee60f557a3,Running,14.17,2844,0.3,792,112,85,98.58
2020-09-08,01d8b94e-ffeb-45a1-aefd-e2ff0fdfce05,Running,2.24,1620,0.08,674,101,92,41.44
2021-05-26,6a0f9eef-e4e8-481d-a2b5-b6007d681b81,Other,12.56,3431,0.22,1404,351,85,661.99
2021-05-24,2b9c93b1-3f6c-415d-b96b-8158b284e4ac,Walking,20.44,1629,0.76,1019,126,123,56.15
2021-04-27,6e32fefe-af9a-4a53-b8d5-42c6374b1dd4,Other,16.6,1539,0.66,1336,99,68,97.84
2020-09-21,4b16d3c1-7a08-45bb-b54a-5e944d62e7ae,Running,14.14,986,0.88,1286,43,96,18.51
2020-11-14,eea597db-8a3c-4c85-bb5d-959e67d0f4eb,Walking,16.37,892,1.17,723,362,129,56.77
2020-10-04,f26c21a9-c00d-4255-9a46-0142696d988b,Running,8.07,158,4.04,756,417,82,15.36
2021-02-09,83cee9a2-fb37-4f86-9bb1-3a459b6d6af3,Other,21.9,1594,0.84,1438,232,92,189.08
2021-04-12,85c51bd0-b097-4672-93ea-c3ca20b46d75,Running,18.11,113,18.11,1380,194,73,7.33
2022-05-14,538d1a6a-4135-499f-8c68-1d3b1a4281ca,Other,2.21,2054,0.07,905,297,110,154.29
2020-11-02,f0ebdbd1-7295-4709-bdb1-c46727c346de,Cycling,16.86,926,1.12,583,418,70,104.81
2022-07-15,a5e53f69-cff8-4499-9b42-c406a28f260a,Running,17.58,1647,0.65,724,438,85,201.8
2021-08-01,3bf65374-7e04-446c-b146-c0b56260068b,Cycling,27.55,1420,1.2,546,163,138,29.61
2021-12-24,4f6788b5-d2f0-4515-b97c-f586a862df9f,Other,20.67,428,2.95,1006,270,94,40.49
2021-04-04,1e9d3e55-bcb7-434c-8af6-f953b36c1193,Cycling,28.04,678,2.55,562,34,89,4.72
2022-01-03,b8fc84ee-63ce-4c59-96d3-e016a2db5d1d,Running,15.79,751,1.32,1054,375,83,113.93
2021-01-09,c7365d02-4d42-449d-9b8f-a698808ebb75,Walking,21.65,3555,0.37,999,384,109,411.87
2021-01-18,b5520f95-83f1-46a5-b6c9-9aff42d1661e,Running,27.44,1790,0.95,1351,202,81,194.63
2020-10-10,c91d68e5-1028-4fc5-9707-aec54b02f815,Walking,2.02,884,0.14,987,473,68,198.12
2021-05-19,c3d607b4-9090-4945-bb26-5d1dae37a493,Other,14.42,2681,0.33,1064,429,112,356.17
2022-07-02,8e2feb0d-ed1f-49bf-91a2-28b9d80efabf,Cycling,6.13,1016,0.38,583,208,144,27.17
2021-05-06,700ae665-251c-42c0-8334-c22454851d9f,Running,15.46,2858,0.33,1096,86,70,126.16
2021-01-05,f4c2ccdd-764c-4d1a-8f67-75486d70e3dc,Cycling,18.91,2979,0.39,1165,438,114,434.06
2021-03-14,a104bfc4-4302-4432-80e7-504d712fb005,Running,16.43,2693,0.37,1466,423,80,688.41
2022-04-12,781e8d43-bec6-4027-91c7-d858853540d3,Other,18.02,1825,0.6,732,282,135,91.85
2021-06-28,f8e7ef35-05a9-4611-bd51-5ca7b127a1d1,Running,16.36,2295,0.43,506,325,123,101.74
2022-08-26,d538cd82-83af-4d1c-b8ff-bb9edcd31299,Walking,26.4,2449,0.66,944,32,88,27.46
2020-10-01,f8b8c454-5e56-4399-8907-5007c9f4ba99,Running,17.96,3588,0.3,946,338,121,316.4
2022-03-26,ebe0f4c3-ebac-4124-b1e0-d78b6760c6c6,Running,14.51,2526,0.35,1334,331,140,261.51
2021-11-25,0a301841-fb34-4a0c-9466-70303d5c9270,Other,13.25,2682,0.3,540,270,65,198.14
2020-10-23,4d0ca6a4-b4dc-4c54-bc41-00e2705eb806,Running,7.31,2207,0.2,1195,107,103,90.75
2020-11-02,593bc1f9-b9ed-4725-8773-661c5c7c86bd,Running,24.48,2157,0.7,800,186,145,71.78
2021-12-03,02c44d15-e555-4556-925b-4ba37133ea3b,Cycling,6.16,1685,0.22,571,410,139,94.32
2022-07-02,a10f816c-130d-476a-965b-349c427f2ec0,Cycling,20.19,1747,0.7,848,487,64,372.23
2021-10-08,f46f0b58-ccc5-47a6-ac7f-8122acffe35a,Other,6.56,2940,0.13,983,304,77,391.68
2022-04-05,7a25be00-bec5-463e-ba41-5e985640cc1a,Other,5.33,2777,0.12,518,125,148,38.86
2022-08-28,7a7fe3e7-8916-4efd-9c7f-ed429c5fd4d9,Other,6.69,3106,0.13,1462,56,141,59.76
2021-05-09,25bd5781-0def-4fd6-a3d8-9b34fec5edc4,Cycling,5.23,1591,0.2,1399,329,85,283.2
2022-06-17,f74259f3-adcf-4db5-a07f-580eea3183bf,Cycling,18.0,1402,0.78,839,366,63,224.96
2022-02-23,edbf3664-15c2-427d-86f0-356dce83d20f,Running,9.45,3101,0.19,1361,101,62,220.54
2021-07-10,0f501e08-14a0-42ed-8082-3570fd859d46,Running,26.27,2879,0.56,979,446,142,288.49
2021-04-17,81a64df5-ec36-4899-b55a-2966fbeaffec,Cycling,25.4,3265,0.47,1109,486,109,534.45
2021-10-28,7d00401e-fed6-419f-8fc3-9fe6d22cf8b0,Running,5.7,3524,0.1,1356,410,116,546.37
2020-09-30,22ad8d7a-f9c1-4d37-a711-fc0423c139c6,Cycling,6.55,1130,0.36,998,395,97,147.89
2022-09-04,72ff3e36-6e29-4f91-9323-e00cfc375cd7,Running,21.69,559,2.41,604,403,123,35.62
2021-10-24,3c396b25-11bc-4d32-a1fc-0cd44072df57,Cycling,26.61,2191,0.74,1020,423,149,208.26
2022-04-26,9c52e4a9-ccac-46fe-9bde-772a872d3224,Cycling,24.82,1105,1.38,1385,209,124,83.97
2021-12-19,c4f76736-f204-47d8-bc22-ca1e6ec0da41,Cycling,22.53,2552,0.54,995,401,130,256.11
2022-03-24,8042e2a4-02f3-4139-adf2-7b8b3408344b,Other,6.2,1850,0.21,1119,393,139,186.81
2022-06-30,383bc9f4-8318-402d-bd15-e936e5d53739,Other,26.74,155,13.37,1306,237,129,9.6
